2025-10-29 05:26:38,517 [INFO] Activator:177 - 


2025-10-29 05:26:38,518 [INFO] Activator:178 - !SESSION log4j initialized
2025-10-29 05:27:19,113 [INFO] McuFinderGlobals:39 - Set McuFinder mode to 2 (CubeIDE integrated)
2025-10-29 05:27:19,595 [INFO] ApplicationProperties:181 - Using Application install path: C:\Users\Thanh Phong\STM32CubeIDE_1.7.0\STM32CubeIDE\plugins\com.st.stm32cube.common.mx_6.3.0.202107141111
2025-10-29 05:27:19,605 [INFO] DbMcusXml:74 - Set database path to: C:\Users\Thanh Phong\STM32CubeIDE_1.7.0\STM32CubeIDE\plugins\com.st.stm32cube.common.mx_6.3.0.202107141111\\db\/mcu/
2025-10-29 05:27:19,608 [INFO] DbBoardsPdsc:56 - Set plugin database path to: C:\Users\Thanh Phong\STM32CubeIDE_1.7.0\STM32CubeIDE\plugins\com.st.stm32cube.common.mx_6.3.0.202107141111\\db\/plugins/boardmanager/
2025-10-29 05:27:19,609 [INFO] DbMcus:258 - Set plugin images path to: C:\Users\Thanh Phong\STM32CubeIDE_1.7.0\STM32CubeIDE\plugins\com.st.stm32cube.common.mx_6.3.0.202107141111\\db\/plugins/mcufinder/images/
2025-10-29 05:27:19,609 [INFO] DbBoards:264 - Set plugin images path to: C:\Users\Thanh Phong\STM32CubeIDE_1.7.0\STM32CubeIDE\plugins\com.st.stm32cube.common.mx_6.3.0.202107141111\\db\/plugins/mcufinder/images/
2025-10-29 05:27:19,610 [INFO] DbExamples:333 - Set plugin images path to: C:\Users\Thanh Phong\STM32CubeIDE_1.7.0\STM32CubeIDE\plugins\com.st.stm32cube.common.mx_6.3.0.202107141111\\db\/plugins/mcufinder/images/
2025-10-29 05:27:19,618 [INFO] DbMcusAds:119 - Set database path to: C:\Users\Thanh Phong\.stmcufinder\plugins\mcufinder//mcu/
2025-10-29 05:27:19,618 [INFO] DbMcusDocs:110 - Set database path to: C:\Users\Thanh Phong\.stmcufinder\plugins\mcufinder//mcu/
2025-10-29 05:27:19,620 [INFO] DbMcusJson:64 - Set database path to: C:\Users\Thanh Phong\.stmcufinder\plugins\mcufinder//mcu/
2025-10-29 05:27:19,620 [INFO] DbBoardsDocs:110 - Set database path to: C:\Users\Thanh Phong\.stmcufinder\plugins\mcufinder//mcu/
2025-10-29 05:27:19,621 [INFO] DbBoardsJson:57 - Set database path to: C:\Users\Thanh Phong\.stmcufinder\plugins\mcufinder//mcu/
2025-10-29 05:27:20,609 [INFO] CrossReferenceDbSqlite:196 - Set database path to: C:\Users\Thanh Phong\.stmcufinder\plugins\mcufinder//mcu/cs/
2025-10-29 05:27:20,612 [INFO] DbExamplesSqlite:767 - Set database path to: C:\Users\Thanh Phong\.stmcufinder\plugins\mcufinder//mcu/
2025-10-29 05:27:20,693 [INFO] RulesReader:57 - Compatibility file has been processed (242 Rules)
2025-10-29 05:27:20,762 [INFO] DbMcusXml:74 - Set database path to: C:\Users\Thanh Phong\STM32CubeIDE_1.7.0\STM32CubeIDE\plugins\com.st.stm32cube.common.mx_6.3.0.202107141111\\db\/mcu/
2025-10-29 05:27:20,763 [INFO] DbBoardsPdsc:56 - Set plugin database path to: C:\Users\Thanh Phong\STM32CubeIDE_1.7.0\STM32CubeIDE\plugins\com.st.stm32cube.common.mx_6.3.0.202107141111\\db\/plugins/boardmanager/
2025-10-29 05:27:20,763 [INFO] DbMcus:258 - Set plugin images path to: C:\Users\Thanh Phong\STM32CubeIDE_1.7.0\STM32CubeIDE\plugins\com.st.stm32cube.common.mx_6.3.0.202107141111\\db\/plugins/mcufinder/images/
2025-10-29 05:27:20,763 [INFO] DbBoards:264 - Set plugin images path to: C:\Users\Thanh Phong\STM32CubeIDE_1.7.0\STM32CubeIDE\plugins\com.st.stm32cube.common.mx_6.3.0.202107141111\\db\/plugins/mcufinder/images/
2025-10-29 05:27:20,763 [INFO] DbExamples:333 - Set plugin images path to: C:\Users\Thanh Phong\STM32CubeIDE_1.7.0\STM32CubeIDE\plugins\com.st.stm32cube.common.mx_6.3.0.202107141111\\db\/plugins/mcufinder/images/
2025-10-29 05:27:20,763 [WARN] DbFile:35 - Overriding database path with different value: C:\Users\Thanh Phong\.stmcufinder\plugins\mcufinder/ => C:\Users\Thanh Phong\.stmcufinder\plugins\mcufinder
2025-10-29 05:27:20,763 [INFO] DbMcusAds:119 - Set database path to: C:\Users\Thanh Phong\.stmcufinder\plugins\mcufinder//mcu/
2025-10-29 05:27:20,763 [WARN] DbFile:35 - Overriding database path with different value: C:\Users\Thanh Phong\.stmcufinder\plugins\mcufinder/ => C:\Users\Thanh Phong\.stmcufinder\plugins\mcufinder
2025-10-29 05:27:20,763 [INFO] DbMcusDocs:110 - Set database path to: C:\Users\Thanh Phong\.stmcufinder\plugins\mcufinder//mcu/
2025-10-29 05:27:20,763 [WARN] DbFile:35 - Overriding database path with different value: C:\Users\Thanh Phong\.stmcufinder\plugins\mcufinder/ => C:\Users\Thanh Phong\.stmcufinder\plugins\mcufinder
2025-10-29 05:27:20,763 [INFO] DbMcusJson:64 - Set database path to: C:\Users\Thanh Phong\.stmcufinder\plugins\mcufinder//mcu/
2025-10-29 05:27:20,764 [WARN] DbFile:35 - Overriding database path with different value: C:\Users\Thanh Phong\.stmcufinder\plugins\mcufinder/ => C:\Users\Thanh Phong\.stmcufinder\plugins\mcufinder
2025-10-29 05:27:20,764 [INFO] DbBoardsDocs:110 - Set database path to: C:\Users\Thanh Phong\.stmcufinder\plugins\mcufinder//mcu/
2025-10-29 05:27:20,764 [WARN] DbFile:35 - Overriding database path with different value: C:\Users\Thanh Phong\.stmcufinder\plugins\mcufinder/ => C:\Users\Thanh Phong\.stmcufinder\plugins\mcufinder
2025-10-29 05:27:20,764 [INFO] DbBoardsJson:57 - Set database path to: C:\Users\Thanh Phong\.stmcufinder\plugins\mcufinder//mcu/
2025-10-29 05:27:20,764 [WARN] DbFile:35 - Overriding database path with different value: C:\Users\Thanh Phong\.stmcufinder\plugins\mcufinder/ => C:\Users\Thanh Phong\.stmcufinder\plugins\mcufinder
2025-10-29 05:27:20,764 [WARN] DbFile:35 - Overriding database path with different value: C:\Users\Thanh Phong\.stmcufinder\plugins\mcufinder/ => C:\Users\Thanh Phong\.stmcufinder\plugins\mcufinder
2025-10-29 05:27:21,609 [INFO] CrossReferenceDbSqlite:196 - Set database path to: C:\Users\Thanh Phong\.stmcufinder\plugins\mcufinder//mcu/cs/
2025-10-29 05:27:21,609 [WARN] DbFile:35 - Overriding database path with different value: C:\Users\Thanh Phong\.stmcufinder\plugins\mcufinder/ => C:\Users\Thanh Phong\.stmcufinder\plugins\mcufinder
2025-10-29 05:27:21,609 [INFO] DbExamplesSqlite:767 - Set database path to: C:\Users\Thanh Phong\.stmcufinder\plugins\mcufinder//mcu/
2025-10-29 05:27:21,679 [INFO] MainPanel:214 - HeapMemory: 287309824
2025-10-29 05:27:21,753 [INFO] DbMcusXml:74 - Set database path to: C:\Users\Thanh Phong\STM32CubeIDE_1.7.0\STM32CubeIDE\plugins\com.st.stm32cube.common.mx_6.3.0.202107141111\\db\/mcu/
2025-10-29 05:27:21,753 [INFO] DbBoardsPdsc:56 - Set plugin database path to: C:\Users\Thanh Phong\STM32CubeIDE_1.7.0\STM32CubeIDE\plugins\com.st.stm32cube.common.mx_6.3.0.202107141111\\db\/plugins/boardmanager/
2025-10-29 05:27:21,753 [INFO] DbMcus:258 - Set plugin images path to: C:\Users\Thanh Phong\STM32CubeIDE_1.7.0\STM32CubeIDE\plugins\com.st.stm32cube.common.mx_6.3.0.202107141111\\db\/plugins/mcufinder/images/
2025-10-29 05:27:21,753 [INFO] DbBoards:264 - Set plugin images path to: C:\Users\Thanh Phong\STM32CubeIDE_1.7.0\STM32CubeIDE\plugins\com.st.stm32cube.common.mx_6.3.0.202107141111\\db\/plugins/mcufinder/images/
2025-10-29 05:27:21,753 [INFO] DbExamples:333 - Set plugin images path to: C:\Users\Thanh Phong\STM32CubeIDE_1.7.0\STM32CubeIDE\plugins\com.st.stm32cube.common.mx_6.3.0.202107141111\\db\/plugins/mcufinder/images/
2025-10-29 05:27:21,754 [WARN] DbFile:35 - Overriding database path with different value: C:\Users\Thanh Phong\.stmcufinder\plugins\mcufinder/ => C:\Users\Thanh Phong\.stmcufinder\plugins\mcufinder
2025-10-29 05:27:21,754 [INFO] DbMcusAds:119 - Set database path to: C:\Users\Thanh Phong\.stmcufinder\plugins\mcufinder//mcu/
2025-10-29 05:27:21,754 [WARN] DbFile:35 - Overriding database path with different value: C:\Users\Thanh Phong\.stmcufinder\plugins\mcufinder/ => C:\Users\Thanh Phong\.stmcufinder\plugins\mcufinder
2025-10-29 05:27:21,754 [INFO] DbMcusDocs:110 - Set database path to: C:\Users\Thanh Phong\.stmcufinder\plugins\mcufinder//mcu/
2025-10-29 05:27:21,754 [WARN] DbFile:35 - Overriding database path with different value: C:\Users\Thanh Phong\.stmcufinder\plugins\mcufinder/ => C:\Users\Thanh Phong\.stmcufinder\plugins\mcufinder
2025-10-29 05:27:21,754 [INFO] DbMcusJson:64 - Set database path to: C:\Users\Thanh Phong\.stmcufinder\plugins\mcufinder//mcu/
2025-10-29 05:27:21,754 [WARN] DbFile:35 - Overriding database path with different value: C:\Users\Thanh Phong\.stmcufinder\plugins\mcufinder/ => C:\Users\Thanh Phong\.stmcufinder\plugins\mcufinder
2025-10-29 05:27:21,755 [INFO] DbBoardsDocs:110 - Set database path to: C:\Users\Thanh Phong\.stmcufinder\plugins\mcufinder//mcu/
2025-10-29 05:27:21,755 [WARN] DbFile:35 - Overriding database path with different value: C:\Users\Thanh Phong\.stmcufinder\plugins\mcufinder/ => C:\Users\Thanh Phong\.stmcufinder\plugins\mcufinder
2025-10-29 05:27:21,755 [INFO] DbBoardsJson:57 - Set database path to: C:\Users\Thanh Phong\.stmcufinder\plugins\mcufinder//mcu/
2025-10-29 05:27:21,755 [WARN] DbFile:35 - Overriding database path with different value: C:\Users\Thanh Phong\.stmcufinder\plugins\mcufinder/ => C:\Users\Thanh Phong\.stmcufinder\plugins\mcufinder
2025-10-29 05:27:21,755 [WARN] DbFile:35 - Overriding database path with different value: C:\Users\Thanh Phong\.stmcufinder\plugins\mcufinder/ => C:\Users\Thanh Phong\.stmcufinder\plugins\mcufinder
2025-10-29 05:27:22,611 [INFO] CrossReferenceDbSqlite:196 - Set database path to: C:\Users\Thanh Phong\.stmcufinder\plugins\mcufinder//mcu/cs/
2025-10-29 05:27:22,611 [WARN] DbFile:35 - Overriding database path with different value: C:\Users\Thanh Phong\.stmcufinder\plugins\mcufinder/ => C:\Users\Thanh Phong\.stmcufinder\plugins\mcufinder
2025-10-29 05:27:22,611 [INFO] DbExamplesSqlite:767 - Set database path to: C:\Users\Thanh Phong\.stmcufinder\plugins\mcufinder//mcu/
2025-10-29 05:27:22,629 [INFO] ApplicationProperties:181 - Using Application install path: C:\Users\Thanh Phong\STM32CubeIDE_1.7.0\STM32CubeIDE\plugins\com.st.stm32cube.common.mx_6.3.0.202107141111
2025-10-29 05:27:22,630 [INFO] PluginManage:188 - Search for loadable plugins [exclusion list=, ]
2025-10-29 05:27:22,632 [INFO] PluginManage:302 - Check plugin analytics
2025-10-29 05:27:23,647 [INFO] AnalyticsPlugin:257 - Accepted Software Licenses: 
2025-10-29 05:27:23,648 [INFO] AnalyticsPlugin:259 - Accepted CMSIS Pack Licenses: 
2025-10-29 05:27:23,648 [INFO] AnalyticsPlugin:261 - Accepted Firmware Licenses: 
2025-10-29 05:27:23,649 [INFO] PluginManage:352 - Loaded plugin analytics (category:tool,tabindex:-1)
2025-10-29 05:27:23,649 [INFO] PluginManage:302 - Check plugin clock
2025-10-29 05:27:23,673 [INFO] PluginManage:352 - Loaded plugin clock (category:base,tabindex:2)
2025-10-29 05:27:23,673 [INFO] PluginManage:302 - Check plugin ddr
2025-10-29 05:27:23,674 [INFO] PluginManage:352 - Loaded plugin ddr (category:tool,tabindex:6)
2025-10-29 05:27:23,675 [INFO] PluginManage:302 - Check plugin filemanager
2025-10-29 05:27:23,779 [INFO] PluginManage:352 - Loaded plugin filemanager (category:base,tabindex:10)
2025-10-29 05:27:23,780 [INFO] PluginManage:302 - Check plugin ipmanager
2025-10-29 05:27:23,786 [INFO] PluginManage:352 - Loaded plugin ipmanager (category:base,tabindex:5)
2025-10-29 05:27:23,786 [INFO] PluginManage:302 - Check plugin pinoutandconfiguration
2025-10-29 05:27:23,806 [INFO] PluginManage:352 - Loaded plugin pinoutandconfiguration (category:base,tabindex:1)
2025-10-29 05:27:23,806 [INFO] PluginManage:302 - Check plugin pinoutconfig
2025-10-29 05:27:23,840 [INFO] PluginManage:352 - Loaded plugin pinoutconfig (category:base,tabindex:0)
2025-10-29 05:27:23,840 [INFO] PluginManage:302 - Check plugin power
2025-10-29 05:27:23,862 [INFO] PluginManage:352 - Loaded plugin power (category:power,tabindex:4)
2025-10-29 05:27:23,862 [INFO] PluginManage:302 - Check plugin projectmanager
2025-10-29 05:27:23,872 [INFO] PluginManage:352 - Loaded plugin projectmanager (category:projectmanager,tabindex:3)
2025-10-29 05:27:23,872 [INFO] PluginManage:302 - Check plugin thirdparty
2025-10-29 05:27:24,125 [INFO] PluginManage:352 - Loaded plugin thirdparty (category:base,tabindex:-1)
2025-10-29 05:27:24,125 [INFO] PluginManage:302 - Check plugin tools
2025-10-29 05:27:24,125 [WARN] IntegrityCheckThread:78 - waiting for thirdparty lock release [integrity check]
2025-10-29 05:27:24,126 [INFO] IntegrityCheckThread:80 - entering critical section [integrity check]
2025-10-29 05:27:24,126 [INFO] ThirdPartyUpdaterWithRetryManager:66 - Updater plugin not ready yet. [1/15]
2025-10-29 05:27:24,211 [INFO] PluginManage:352 - Loaded plugin tools (category:base,tabindex:7)
2025-10-29 05:27:24,211 [INFO] PluginManage:302 - Check plugin tutovideos
2025-10-29 05:27:24,430 [INFO] PluginManage:352 - Loaded plugin tutovideos (category:base,tabindex:-1)
2025-10-29 05:27:24,430 [INFO] PluginManage:302 - Check plugin updater
2025-10-29 05:27:24,441 [INFO] PluginManage:352 - Loaded plugin updater (category:base,tabindex:12)
2025-10-29 05:27:24,442 [INFO] PluginManage:275 - PluginManage : Loaded plugins [13]
2025-10-29 05:27:24,636 [INFO] PinOutPanel:1463 - setPackage(No Configuration,No Configuration)
2025-10-29 05:27:24,756 [INFO] IPUIPlugin:74 - create IPUIPlugin
2025-10-29 05:27:24,757 [INFO] PluginManager:213 - loadIPPluginJar : add adc
2025-10-29 05:27:24,838 [INFO] IPUIPlugin:74 - create IPUIPlugin
2025-10-29 05:27:24,839 [INFO] PluginManager:213 - loadIPPluginJar : add aes
2025-10-29 05:27:24,929 [INFO] IPUIPlugin:74 - create IPUIPlugin
2025-10-29 05:27:24,930 [INFO] PluginManager:213 - loadIPPluginJar : add can
2025-10-29 05:27:24,995 [INFO] IPUIPlugin:74 - create IPUIPlugin
2025-10-29 05:27:24,995 [INFO] PluginManager:213 - loadIPPluginJar : add comp
2025-10-29 05:27:25,062 [INFO] IPUIPlugin:74 - create IPUIPlugin
2025-10-29 05:27:25,062 [INFO] PluginManager:213 - loadIPPluginJar : add cryp
2025-10-29 05:27:25,151 [INFO] IPUIPlugin:74 - create IPUIPlugin
2025-10-29 05:27:25,152 [INFO] PluginManager:213 - loadIPPluginJar : add dfsdm
2025-10-29 05:27:25,170 [INFO] IPUIPlugin:74 - create IPUIPlugin
2025-10-29 05:27:25,170 [INFO] PluginManager:213 - loadIPPluginJar : add dma
2025-10-29 05:27:25,259 [INFO] IPUIPlugin:74 - create IPUIPlugin
2025-10-29 05:27:25,259 [INFO] PluginManager:213 - loadIPPluginJar : add dma3
2025-10-29 05:27:25,319 [INFO] IPUIPlugin:74 - create IPUIPlugin
2025-10-29 05:27:25,319 [INFO] PluginManager:213 - loadIPPluginJar : add fatfs
2025-10-29 05:27:25,425 [INFO] IPUIPlugin:74 - create IPUIPlugin
2025-10-29 05:27:25,425 [INFO] PluginManager:213 - loadIPPluginJar : add fmc
2025-10-29 05:27:25,449 [INFO] IPUIPlugin:74 - create IPUIPlugin
2025-10-29 05:27:25,449 [INFO] PluginManager:213 - loadIPPluginJar : add freertos
2025-10-29 05:27:25,497 [INFO] IPUIPlugin:74 - create IPUIPlugin
2025-10-29 05:27:25,497 [INFO] PluginManager:213 - loadIPPluginJar : add genericplugin
2025-10-29 05:27:25,677 [INFO] IPUIPlugin:74 - create IPUIPlugin
2025-10-29 05:27:25,678 [INFO] PluginManager:213 - loadIPPluginJar : add gfxmmu
2025-10-29 05:27:25,928 [INFO] IPUIPlugin:74 - create IPUIPlugin
2025-10-29 05:27:25,928 [INFO] PluginManager:213 - loadIPPluginJar : add gic
2025-10-29 05:27:25,946 [INFO] IPUIPlugin:74 - create IPUIPlugin
2025-10-29 05:27:25,946 [INFO] PluginManager:213 - loadIPPluginJar : add gpio
2025-10-29 05:27:26,091 [INFO] IPUIPlugin:74 - create IPUIPlugin
2025-10-29 05:27:26,091 [INFO] PluginManager:213 - loadIPPluginJar : add gtzc
2025-10-29 05:27:26,163 [INFO] IPUIPlugin:74 - create IPUIPlugin
2025-10-29 05:27:26,163 [INFO] PluginManager:213 - loadIPPluginJar : add hash
2025-10-29 05:27:26,277 [INFO] IPUIPlugin:74 - create IPUIPlugin
2025-10-29 05:27:26,277 [INFO] PluginManager:213 - loadIPPluginJar : add i2c
2025-10-29 05:27:26,357 [INFO] IPUIPlugin:74 - create IPUIPlugin
2025-10-29 05:27:26,357 [INFO] PluginManager:213 - loadIPPluginJar : add i2s
2025-10-29 05:27:26,375 [INFO] IPUIPlugin:74 - create IPUIPlugin
2025-10-29 05:27:26,375 [INFO] PluginManager:213 - loadIPPluginJar : add ipddr
2025-10-29 05:27:26,557 [INFO] IPUIPlugin:74 - create IPUIPlugin
2025-10-29 05:27:26,557 [INFO] PluginManager:213 - loadIPPluginJar : add linkedlist
2025-10-29 05:27:26,643 [INFO] IPUIPlugin:74 - create IPUIPlugin
2025-10-29 05:27:26,643 [INFO] PluginManager:213 - loadIPPluginJar : add lorawan
2025-10-29 05:27:26,724 [INFO] IPUIPlugin:74 - create IPUIPlugin
2025-10-29 05:27:26,724 [INFO] PluginManager:213 - loadIPPluginJar : add ltdc
2025-10-29 05:27:26,740 [INFO] IPUIPlugin:74 - create IPUIPlugin
2025-10-29 05:27:26,742 [INFO] PluginManager:213 - loadIPPluginJar : add mdma
2025-10-29 05:27:26,758 [INFO] IPUIPlugin:74 - create IPUIPlugin
2025-10-29 05:27:26,758 [INFO] PluginManager:213 - loadIPPluginJar : add nvic
2025-10-29 05:27:26,853 [INFO] IPUIPlugin:74 - create IPUIPlugin
2025-10-29 05:27:26,853 [INFO] PluginManager:213 - loadIPPluginJar : add opamp
2025-10-29 05:27:26,984 [INFO] IPUIPlugin:74 - create IPUIPlugin
2025-10-29 05:27:26,985 [INFO] PluginManager:213 - loadIPPluginJar : add openamp
2025-10-29 05:27:27,093 [INFO] IPUIPlugin:74 - create IPUIPlugin
2025-10-29 05:27:27,093 [INFO] PluginManager:213 - loadIPPluginJar : add pdm2pcm
2025-10-29 05:27:27,116 [INFO] IPUIPlugin:74 - create IPUIPlugin
2025-10-29 05:27:27,119 [INFO] PluginManager:213 - loadIPPluginJar : add plateformsettings
2025-10-29 05:27:27,127 [INFO] ThirdPartyUpdaterWithRetryManager:66 - Updater plugin not ready yet. [2/15]
2025-10-29 05:27:27,186 [INFO] IPUIPlugin:74 - create IPUIPlugin
2025-10-29 05:27:27,187 [INFO] PluginManager:213 - loadIPPluginJar : add quadspi
2025-10-29 05:27:27,209 [INFO] IPUIPlugin:74 - create IPUIPlugin
2025-10-29 05:27:27,210 [INFO] PluginManager:213 - loadIPPluginJar : add resmgrutility
2025-10-29 05:27:27,316 [INFO] IPUIPlugin:74 - create IPUIPlugin
2025-10-29 05:27:27,316 [INFO] PluginManager:213 - loadIPPluginJar : add sai
2025-10-29 05:27:27,407 [INFO] IPUIPlugin:74 - create IPUIPlugin
2025-10-29 05:27:27,407 [INFO] PluginManager:213 - loadIPPluginJar : add spi
2025-10-29 05:27:27,519 [INFO] IPUIPlugin:74 - create IPUIPlugin
2025-10-29 05:27:27,519 [INFO] PluginManager:213 - loadIPPluginJar : add stm32_wpan
2025-10-29 05:27:27,586 [INFO] IPUIPlugin:74 - create IPUIPlugin
2025-10-29 05:27:27,586 [INFO] PluginManager:213 - loadIPPluginJar : add tim
2025-10-29 05:27:27,710 [INFO] IPUIPlugin:74 - create IPUIPlugin
2025-10-29 05:27:27,712 [INFO] PluginManager:213 - loadIPPluginJar : add touchsensing
2025-10-29 05:27:27,778 [INFO] IPUIPlugin:74 - create IPUIPlugin
2025-10-29 05:27:27,779 [INFO] PluginManager:213 - loadIPPluginJar : add tracer_emb
2025-10-29 05:27:27,855 [INFO] IPUIPlugin:74 - create IPUIPlugin
2025-10-29 05:27:27,856 [INFO] PluginManager:213 - loadIPPluginJar : add ts
2025-10-29 05:27:27,927 [INFO] IPUIPlugin:74 - create IPUIPlugin
2025-10-29 05:27:27,927 [INFO] PluginManager:213 - loadIPPluginJar : add tsc
2025-10-29 05:27:27,992 [INFO] IPUIPlugin:74 - create IPUIPlugin
2025-10-29 05:27:27,992 [INFO] PluginManager:213 - loadIPPluginJar : add ucpd
2025-10-29 05:27:28,096 [INFO] IPUIPlugin:74 - create IPUIPlugin
2025-10-29 05:27:28,096 [INFO] PluginManager:213 - loadIPPluginJar : add usart
2025-10-29 05:27:28,175 [INFO] IPUIPlugin:74 - create IPUIPlugin
2025-10-29 05:27:28,175 [INFO] PluginManager:213 - loadIPPluginJar : add usbx
2025-10-29 05:27:28,507 [FATAL] Updater:294 - Updater called before beeing initialized
2025-10-29 05:27:28,618 [FATAL] Updater:294 - Updater called before beeing initialized
2025-10-29 05:27:28,633 [INFO] DbMcusAds:47 - JSON generation date=Tue Jul 08 15:14:23 ICT 2025 (1751962463524)
2025-10-29 05:27:28,633 [FATAL] Updater:294 - Updater called before beeing initialized
2025-10-29 05:27:28,683 [WARN] DetailPanel:314 - Failed to get advertising image, set to default
2025-10-29 05:27:28,780 [FATAL] Updater:294 - Updater called before beeing initialized
2025-10-29 05:27:28,784 [FATAL] Updater:294 - Updater called before beeing initialized
2025-10-29 05:27:28,784 [FATAL] Updater:294 - Updater called before beeing initialized
2025-10-29 05:27:28,784 [WARN] DetailPanel:314 - Failed to get advertising image, set to default
2025-10-29 05:27:28,786 [FATAL] Updater:294 - Updater called before beeing initialized
2025-10-29 05:27:28,853 [ERROR] Updater:1075 - MainUpdater not yet initialized. External WinMGr cannot be set.
2025-10-29 05:27:28,869 [INFO] Updater:1012 - Updater Version found : 6.3.0
2025-10-29 05:27:28,890 [INFO] ApplicationProperties:181 - Using Application install path: C:\Users\Thanh Phong\STM32CubeIDE_1.7.0\STM32CubeIDE\plugins\com.st.stm32cube.common.mx_6.3.0.202107141111
2025-10-29 05:27:30,125 [INFO] MainUpdater:2671 - connection check result : 10
2025-10-29 05:27:30,126 [INFO] MainUpdater:3359 - Updater definition file requires update
2025-10-29 05:27:30,126 [INFO] MainUpdater:265 - Updater Check For Update Now.
2025-10-29 05:27:30,127 [INFO] MicroXplorer:478 - Change Database Version : DB.6.0.30
2025-10-29 05:27:30,127 [INFO] ThirdPartyUpdaterWithRetryManager:66 - Updater plugin not ready yet. [3/15]
2025-10-29 05:27:30,337 [INFO] ServerAccessManage:362 - Download File updaters.zip
2025-10-29 05:27:30,445 [INFO] FileExtend:235 - Unzip File : updaters.zip
2025-10-29 05:27:30,446 [INFO] FileExtend:250 - Standard Zip Deflate
2025-10-29 05:27:31,871 [INFO] ServerAccessManage:362 - Download File PacksControlFlags.xml
2025-10-29 05:27:32,172 [INFO] ServerAccessManage:362 - Download File cubemx.pidx
2025-10-29 05:27:32,784 [INFO] ServerAccessManage:362 - Download File STMicroelectronics.FP-SNS-MOTENV1.pdsc
2025-10-29 05:27:33,142 [WARN] MainUpdater:1122 - Updater busy. Cannot search thirdparties
2025-10-29 05:27:33,142 [INFO] ThirdPartyUpdaterWithRetryManager:92 - Updater plugin is busy. [1/15]
2025-10-29 05:27:35,597 [INFO] ServerAccessManage:362 - Download File STMicroelectronics.X-CUBE-FREERTOS.pdsc
2025-10-29 05:27:36,152 [WARN] MainUpdater:1122 - Updater busy. Cannot search thirdparties
2025-10-29 05:27:36,152 [INFO] ThirdPartyUpdaterWithRetryManager:92 - Updater plugin is busy. [2/15]
2025-10-29 05:27:39,156 [WARN] MainUpdater:1122 - Updater busy. Cannot search thirdparties
2025-10-29 05:27:39,156 [INFO] ThirdPartyUpdaterWithRetryManager:92 - Updater plugin is busy. [3/15]
2025-10-29 05:27:41,166 [INFO] MainUpdater:2671 - connection check result : 10
2025-10-29 05:27:42,168 [WARN] MainUpdater:1122 - Updater busy. Cannot search thirdparties
2025-10-29 05:27:42,168 [INFO] ThirdPartyUpdaterWithRetryManager:92 - Updater plugin is busy. [4/15]
2025-10-29 05:27:42,828 [INFO] ServerAccessManage:362 - Download File STMicroelectronics.X-CUBE-IPS.pdsc
2025-10-29 05:27:45,173 [WARN] MainUpdater:1122 - Updater busy. Cannot search thirdparties
2025-10-29 05:27:45,173 [INFO] ThirdPartyUpdaterWithRetryManager:92 - Updater plugin is busy. [5/15]
2025-10-29 05:27:46,398 [INFO] ServerAccessManage:362 - Download File STMicroelectronics.X-CUBE-ST60.pdsc
2025-10-29 05:27:48,185 [WARN] MainUpdater:1122 - Updater busy. Cannot search thirdparties
2025-10-29 05:27:48,185 [INFO] ThirdPartyUpdaterWithRetryManager:92 - Updater plugin is busy. [6/15]
2025-10-29 05:27:48,432 [INFO] ServerAccessManage:362 - Download File STMicroelectronics.X-CUBE-ST67W61.pdsc
2025-10-29 05:27:51,189 [WARN] MainUpdater:1122 - Updater busy. Cannot search thirdparties
2025-10-29 05:27:51,190 [INFO] ThirdPartyUpdaterWithRetryManager:92 - Updater plugin is busy. [7/15]
2025-10-29 05:27:51,622 [INFO] ServerAccessManage:362 - Download File STMicroelectronics.X-CUBE-TOUCHGFX.pdsc
2025-10-29 05:27:52,572 [INFO] McuFinderGlobals:52 - Set McuFinderConnectedMode to false
2025-10-29 05:27:52,676 [INFO] CrossSelectorPresenter:1330 - Cross Selector saved comparison directory: C:\Users\Thanh Phong\.stmcufinder\plugins\mcufinder\mcu\cs_comparisons_mx
2025-10-29 05:27:52,683 [INFO] MultiScanPanel:197 - Auto-refresh data requested => check proxy status ongoing
2025-10-29 05:27:52,683 [INFO] MultiScanPanel:201 - Proxy status is invalid
2025-10-29 05:27:52,688 [INFO] FinderPluginLoader:87 - Searching for filters in installed packs
2025-10-29 05:27:52,690 [INFO] DbMcusXml:100 - Load MCU database from C:\Users\Thanh Phong\STM32CubeIDE_1.7.0\STM32CubeIDE\plugins\com.st.stm32cube.common.mx_6.3.0.202107141111\\db\/mcu/families.xml
2025-10-29 05:27:53,523 [INFO] DbMcusJson:93 - JSON generation date=Tue Nov 16 23:17:54 ICT 2021 (1637079474)
2025-10-29 05:27:54,194 [WARN] MainUpdater:1122 - Updater busy. Cannot search thirdparties
2025-10-29 05:27:54,194 [INFO] ThirdPartyUpdaterWithRetryManager:92 - Updater plugin is busy. [8/15]
2025-10-29 05:27:54,249 [INFO] DbMcus:175 - Found 1951 MCUs (1903 are supported by CubeMX, 1914 are visible in CubeMX)
2025-10-29 05:27:54,251 [INFO] ApiDb:251 - Load user favorites file C:\Users\Thanh Phong/.stm32cubeide/favorites.mcus.txt: 0 item(s)
2025-10-29 05:27:54,251 [INFO] ApiDb:255 - User favorites MCUs=[]
2025-10-29 05:27:54,251 [INFO] DbMcus:187 - Set 0 / 0 favorites MCUs
2025-10-29 05:27:54,897 [INFO] DetailPanel:309 - Set advertising image to C:/Users/Thanh Phong/STM32Cube/Repository/\en.2400x1350px.jpeg
2025-10-29 05:27:55,364 [INFO] DbBoardsPdsc:90 - Found 25 items
2025-10-29 05:27:55,385 [INFO] DbBoardsPdsc:90 - Found 9 items
2025-10-29 05:27:55,411 [INFO] DbBoardsPdsc:90 - Found 33 items
2025-10-29 05:27:55,428 [INFO] DbBoardsPdsc:90 - Found 1 items
2025-10-29 05:27:55,452 [INFO] DbBoardsPdsc:90 - Found 48 items
2025-10-29 05:27:55,476 [INFO] DbBoardsPdsc:90 - Found 43 items
2025-10-29 05:27:55,490 [INFO] DbBoardsPdsc:90 - Found 2 items
2025-10-29 05:27:55,508 [INFO] DbBoardsPdsc:90 - Found 5 items
2025-10-29 05:27:55,514 [WARN] DbBoardsPdsc:254 - Board STM32H7B3I-DK: unknown feature type=Audio, name=, username=Audio stereo codec with Headphone Amp (CS42L51-CNZ), n=1
2025-10-29 05:27:55,514 [WARN] DbBoardsPdsc:254 - Board STM32H735G-DK: unknown feature type=Audio, name=, username=Audio stereo codec with Headphone Amp (WM8994ECS/R), n=1
2025-10-29 05:27:55,517 [WARN] DbBoardsPdsc:254 - Board STM32H7B3I-EVAL: unknown feature type=Audio, name=, username=Multi-Channel Audio Codec (CS42L51-CNZ), n=1
2025-10-29 05:27:55,517 [WARN] DbBoardsPdsc:254 - Board STM32H7B3I-EVAL: unknown feature type=Meter, name=, username=Power-metering and Temperature-monitoring with sigma-delta modulators, n=1
2025-10-29 05:27:55,517 [WARN] DbBoardsPdsc:254 - Board STM32H7B3I-EVAL: unknown feature type=Motor, name=, username=Motor Control, n=1
2025-10-29 05:27:55,517 [WARN] DbBoardsPdsc:254 - Board STM32U575I-EV: unknown feature type=joystick, name=, username=4-direction joystick with selection button, n=1
2025-10-29 05:27:55,561 [INFO] DbBoardsJson:86 - JSON generation date=Tue Nov 16 23:17:54 ICT 2021 (1637079474)
2025-10-29 05:27:55,566 [INFO] DbBoards:117 - Found 167 boards (163 are supported by CubeMX)
2025-10-29 05:27:55,584 [INFO] DbBoardsDocs:143 - JSON generation date=Tue Nov 16 23:17:54 ICT 2021 (1637079474)
2025-10-29 05:27:55,588 [INFO] DbBoardsDocs:79 - Found 209 boards documents
2025-10-29 05:27:55,589 [WARN] DbBoards:127 - board B-L475E-IOT01A2 has no document id list !
2025-10-29 05:27:55,590 [WARN] DbBoards:127 - board NUCLEO-H743ZI has no document id list !
2025-10-29 05:27:55,591 [WARN] DbBoards:127 - board NUCLEO-WL55JC2 has no document id list !
2025-10-29 05:27:55,591 [WARN] DbBoards:127 - board P-NUCLEO-WB55-Nucleo has no document id list !
2025-10-29 05:27:55,591 [WARN] DbBoards:127 - board P-NUCLEO-WB55-USBDongle has no document id list !
2025-10-29 05:27:55,591 [WARN] DbBoards:127 - board STEVAL-BFA001V1B has no document id list !
2025-10-29 05:27:55,591 [WARN] DbBoards:127 - board STEVAL-BFA001V2B has no document id list !
2025-10-29 05:27:55,591 [WARN] DbBoards:127 - board STEVAL-IDP005V1 has no document id list !
2025-10-29 05:27:55,591 [WARN] DbBoards:127 - board STEVAL-IDP005V2 has no document id list !
2025-10-29 05:27:55,591 [WARN] DbBoards:127 - board STEVAL-MKSBOX1V1 has no document id list !
2025-10-29 05:27:55,591 [WARN] DbBoards:127 - board STEVAL-STWINKT1 has no document id list !
2025-10-29 05:27:55,591 [WARN] DbBoards:127 - board STEVAL-STWINKT1B has no document id list !
2025-10-29 05:27:55,592 [WARN] DbBoards:127 - board STM32439I-EVAL2 has no document id list !
2025-10-29 05:27:55,592 [WARN] DbBoards:127 - board STM32F401C-DISCO has no document id list !
2025-10-29 05:27:55,593 [WARN] DbBoards:127 - board STM32F769I-DISC1 has no document id list !
2025-10-29 05:27:55,593 [WARN] DbBoards:127 - board STM32G474E-EVAL1 has no document id list !
2025-10-29 05:27:55,593 [WARN] DbBoards:127 - board STM32H743I-EVAL2 has no document id list !
2025-10-29 05:27:55,594 [WARN] DbBoards:127 - board STM32H747I-DISC1 has no document id list !
2025-10-29 05:27:55,594 [WARN] DbBoards:127 - board STM32H753I-EVAL2 has no document id list !
2025-10-29 05:27:55,594 [WARN] DbBoards:127 - board STM32L-DISCOVERY has no document id list !
2025-10-29 05:27:55,773 [ERROR] DbBoards:189 - Image file not found for board B-U585I-IOT02A: C:\Users\Thanh Phong\STM32CubeIDE_1.7.0\STM32CubeIDE\plugins\com.st.stm32cube.common.mx_6.3.0.202107141111\\db\/plugins/mcufinder/images/boards/B-U585I-IOT02A_small.jpg
2025-10-29 05:27:55,895 [ERROR] DbBoards:189 - Image file not found for board NUCLEO-F413ZH: C:\Users\Thanh Phong\STM32CubeIDE_1.7.0\STM32CubeIDE\plugins\com.st.stm32cube.common.mx_6.3.0.202107141111\\db\/plugins/mcufinder/images/boards/nucleo-f413zh_small.jpg
2025-10-29 05:27:56,143 [ERROR] DbBoards:189 - Image file not found for board NUCLEO-L552ZE-Q: C:\Users\Thanh Phong\STM32CubeIDE_1.7.0\STM32CubeIDE\plugins\com.st.stm32cube.common.mx_6.3.0.202107141111\\db\/plugins/mcufinder/images/boards/nucleo_l552ze_q_small.jpg
2025-10-29 05:27:56,144 [ERROR] DbBoards:189 - Image file not found for board NUCLEO-U575ZI-Q: C:\Users\Thanh Phong\STM32CubeIDE_1.7.0\STM32CubeIDE\plugins\com.st.stm32cube.common.mx_6.3.0.202107141111\\db\/plugins/mcufinder/images/boards/nucleo-u575zi-q_small.jpg
2025-10-29 05:27:56,144 [ERROR] DbBoards:189 - Image file not found for board NUCLEO-WB15CC: C:\Users\Thanh Phong\STM32CubeIDE_1.7.0\STM32CubeIDE\plugins\com.st.stm32cube.common.mx_6.3.0.202107141111\\db\/plugins/mcufinder/images/boards/nucleo-wb15cc_small.jpg
2025-10-29 05:27:56,144 [ERROR] DbBoards:189 - Image file not found for board NUCLEO-WB55RG: C:\Users\Thanh Phong\STM32CubeIDE_1.7.0\STM32CubeIDE\plugins\com.st.stm32cube.common.mx_6.3.0.202107141111\\db\/plugins/mcufinder/images/boards/nucleo-wb55rg_small.jpg
2025-10-29 05:27:57,209 [WARN] MainUpdater:1122 - Updater busy. Cannot search thirdparties
2025-10-29 05:27:57,210 [INFO] ThirdPartyUpdaterWithRetryManager:92 - Updater plugin is busy. [9/15]
2025-10-29 05:27:57,482 [INFO] ApiDb:251 - Load user favorites file C:\Users\Thanh Phong/.stm32cubeide/favorites.boards.txt: 0 item(s)
2025-10-29 05:27:57,482 [INFO] ApiDb:255 - User favorites Boards=[]
2025-10-29 05:27:57,482 [INFO] DbBoards:206 - Set 0 / 0 favorites Boards
2025-10-29 05:28:00,218 [WARN] MainUpdater:1122 - Updater busy. Cannot search thirdparties
2025-10-29 05:28:00,218 [INFO] ThirdPartyUpdaterWithRetryManager:92 - Updater plugin is busy. [10/15]
2025-10-29 05:28:03,228 [WARN] MainUpdater:1122 - Updater busy. Cannot search thirdparties
2025-10-29 05:28:03,228 [INFO] ThirdPartyUpdaterWithRetryManager:92 - Updater plugin is busy. [11/15]
2025-10-29 05:28:06,240 [WARN] MainUpdater:1122 - Updater busy. Cannot search thirdparties
2025-10-29 05:28:06,240 [INFO] ThirdPartyUpdaterWithRetryManager:92 - Updater plugin is busy. [12/15]
2025-10-29 05:28:09,243 [WARN] MainUpdater:1122 - Updater busy. Cannot search thirdparties
2025-10-29 05:28:09,243 [INFO] ThirdPartyUpdaterWithRetryManager:92 - Updater plugin is busy. [13/15]
2025-10-29 05:28:10,627 [INFO] ServerAccessManage:362 - Download File WES.I-CUBE-Cesium.pdsc
2025-10-29 05:28:12,255 [WARN] MainUpdater:1122 - Updater busy. Cannot search thirdparties
2025-10-29 05:28:12,256 [INFO] ThirdPartyUpdaterWithRetryManager:92 - Updater plugin is busy. [14/15]
2025-10-29 05:28:14,200 [ERROR] ServerAccessManage:974 - Problem, file not found on Server
2025-10-29 05:28:15,181 [ERROR] ServerAccessManage:974 - Problem, file not found on Server
2025-10-29 05:28:15,266 [WARN] MainUpdater:1122 - Updater busy. Cannot search thirdparties
2025-10-29 05:28:15,266 [INFO] ThirdPartyUpdaterWithRetryManager:92 - Updater plugin is busy. [15/15]
2025-10-29 05:28:15,266 [ERROR] IntegrityCheckThread:124 - Cannot retrieve database content from updater: error -1
2025-10-29 05:28:15,266 [INFO] ThirdParty:915 - Integrity check success = false
2025-10-29 05:28:15,266 [INFO] IntegrityCheckThread:94 - exiting critical section [integrity check]
2025-10-29 05:28:15,266 [INFO] IntegrityCheckThread:97 - End integrity checks thread
2025-10-29 05:28:15,350 [WARN] PopulateThirdPartyThread:100 - Error when creating pack: C:/Users/Thanh Phong/.stm32cubemx/thirdparties/pdsc/STMicroelectronics.FP-SNS-MOTENV1.pdsc
2025-10-29 05:28:15,352 [WARN] PopulateThirdPartyThread:100 - Error when creating pack: C:/Users/Thanh Phong/.stm32cubemx/thirdparties/pdsc/STMicroelectronics.X-CUBE-FREERTOS.pdsc
2025-10-29 05:28:15,358 [WARN] PopulateThirdPartyThread:100 - Error when creating pack: C:/Users/Thanh Phong/.stm32cubemx/thirdparties/pdsc/STMicroelectronics.X-CUBE-IPS.pdsc
2025-10-29 05:28:15,360 [WARN] PopulateThirdPartyThread:100 - Error when creating pack: C:/Users/Thanh Phong/.stm32cubemx/thirdparties/pdsc/STMicroelectronics.X-CUBE-ST60.pdsc
2025-10-29 05:28:15,363 [WARN] PopulateThirdPartyThread:100 - Error when creating pack: C:/Users/Thanh Phong/.stm32cubemx/thirdparties/pdsc/STMicroelectronics.X-CUBE-ST67W61.pdsc
2025-10-29 05:28:15,390 [WARN] PackLoader:238 - Cannot read IP mode file for STMicroelectronics.X-CUBE-TOUCHGFX.4.26.0
2025-10-29 05:28:15,396 [WARN] PopulateThirdPartyThread:100 - Error when creating pack: C:/Users/Thanh Phong/.stm32cubemx/thirdparties/pdsc/WES.I-CUBE-Cesium.pdsc
2025-10-29 05:28:15,396 [INFO] PopulateThirdPartyThread:60 - Ending populate Thread
2025-10-29 05:28:15,398 [INFO] ThirdParty:967 - CMSIS Pack Vendor :STMicroelectronics X-CUBE-TOUCHGFX 4.26.0
2025-10-29 05:28:15,398 [INFO] LoadServerUpdatesThread:339 - End of LoadServerUpdate Thread
2025-10-29 05:28:15,516 [INFO] CheckServerUpdateThread:112 - End of CheckServer Thread
2025-10-29 19:54:09,195 [INFO] DbMcusDocs:143 - JSON generation date=Tue Nov 16 23:17:54 ICT 2021 (1637079474)
2025-10-29 19:54:09,363 [INFO] DbMcusDocs:79 - Found 682 MCUs documents
2025-10-29 19:54:32,111 [INFO] MainUpdater:2671 - connection check result : 10
2025-10-29 19:54:32,111 [INFO] MainUpdater:2671 - connection check result : 10
2025-10-29 19:54:32,173 [INFO] MicroXplorer:448 - Change Database Path : 
2025-10-29 19:54:32,173 [INFO] MicroXplorer:478 - Change Database Version : DB.6.0.30
2025-10-29 19:54:32,173 [WARN] ThirdParty:813 - waiting for thirdparty lock release [close project]
2025-10-29 19:54:32,173 [INFO] ThirdParty:815 - entering critical section [close project]
2025-10-29 19:54:32,173 [INFO] ThirdParty:825 - exiting critical section [close project]
2025-10-29 19:54:32,179 [INFO] PinOutPanel:1463 - setPackage(No Configuration,No Configuration)
2025-10-29 19:54:32,181 [INFO] UtilMem:74 - Begin LoadConfig() Used Memory: 841117352 Bytes (1026555904)
2025-10-29 19:54:32,181 [INFO] MicroXplorer:448 - Change Database Path : 
2025-10-29 19:54:32,181 [INFO] MicroXplorer:478 - Change Database Version : DB.6.0.30
2025-10-29 19:54:32,181 [INFO] OpenFileManager:313 - Change cursor
2025-10-29 19:54:32,193 [WARN] IntegrityCheckThread:78 - waiting for thirdparty lock release [integrity check]
2025-10-29 19:54:32,193 [INFO] IntegrityCheckThread:80 - entering critical section [integrity check]
2025-10-29 19:54:32,329 [ERROR] Engine:463 - C:\Users\Thanh Phong\.stm32cubemx\thirdparties\pdsc\STMicroelectronics.FP-SNS-MOTENVWB1.1.4.0.pdsc: PDSC version is not supported
2025-10-29 19:54:32,344 [WARN] PackLoader:238 - Cannot read IP mode file for STMicroelectronics.FP-ATR-ASTRA1.2.0.2
2025-10-29 19:54:32,360 [ERROR] Engine:463 - C:\Users\Thanh Phong\.stm32cubemx\thirdparties\pdsc\STMicroelectronics.X-CUBE-SMBUS.2.1.0.pdsc: PDSC version is not supported
2025-10-29 19:54:32,373 [ERROR] Engine:463 - C:\Users\Thanh Phong\.stm32cubemx\thirdparties\pdsc\STMicroelectronics.X-CUBE-ST60.1.0.0.pdsc: PDSC version is not supported
2025-10-29 19:54:32,409 [WARN] PackLoader:238 - Cannot read IP mode file for STMicroelectronics.X-CUBE-AZRTOS-F7.1.1.0
2025-10-29 19:54:32,417 [ERROR] Engine:463 - C:\Users\Thanh Phong\.stm32cubemx\thirdparties\pdsc\STMicroelectronics.FP-SNS-MOTENV1.5.1.0.pdsc: PDSC version is not supported
2025-10-29 19:54:32,419 [ERROR] Engine:463 - C:\Users\Thanh Phong\.stm32cubemx\thirdparties\pdsc\WES.I-CUBE-Cesium.1.4.0.pdsc: PDSC version is not supported
2025-10-29 19:54:32,434 [ERROR] Engine:463 - C:\Users\Thanh Phong\.stm32cubemx\thirdparties\pdsc\Infineon.AIROC-Wi-Fi-Bluetooth-STM32.1.7.1.pdsc: PDSC version is not supported
2025-10-29 19:54:32,469 [WARN] PackLoader:238 - Cannot read IP mode file for STMicroelectronics.X-CUBE-AZRTOS-H7.3.4.0
2025-10-29 19:54:32,483 [ERROR] Engine:463 - C:\Users\Thanh Phong\.stm32cubemx\thirdparties\pdsc\STMicroelectronics.X-CUBE-DISPLAY.3.0.0.pdsc: PDSC version is not supported
2025-10-29 19:54:32,499 [WARN] PackLoader:238 - Cannot read IP mode file for STMicroelectronics.X-CUBE-NFC10.1.0.0
2025-10-29 19:54:32,499 [ERROR] Engine:463 - C:\Users\Thanh Phong\.stm32cubemx\thirdparties\pdsc\STMicroelectronics.X-CUBE-ST60.1.1.0.pdsc: PDSC version is not supported
2025-10-29 19:54:32,519 [ERROR] Engine:463 - C:\Users\Thanh Phong\.stm32cubemx\thirdparties\pdsc\emotas.I-CUBE-CANOPEN.1.3.0.pdsc: PDSC version is not supported
2025-10-29 19:54:32,531 [ERROR] Engine:463 - C:\Users\Thanh Phong\.stm32cubemx\thirdparties\pdsc\STMicroelectronics.FP-SNS-STBOX1.2.1.0.pdsc: PDSC version is not supported
2025-10-29 19:54:32,547 [ERROR] Engine:463 - C:\Users\Thanh Phong\.stm32cubemx\thirdparties\pdsc\STMicroelectronics.FP-SNS-SMARTAG2.1.2.0.pdsc: PDSC version is not supported
2025-10-29 19:54:32,549 [ERROR] Engine:463 - C:\Users\Thanh Phong\.stm32cubemx\thirdparties\pdsc\STMicroelectronics.FP-SNS-FLIGHT1.5.1.0.pdsc: PDSC version is not supported
2025-10-29 19:54:32,569 [INFO] LogOutputStream:76 - [STDOUT_REDIRECT] 1 : Invalid condition id : UX_CORESTACK_Condition cause : null
2025-10-29 19:54:32,573 [INFO] LogOutputStream:76 - [STDOUT_REDIRECT] 1 : Invalid condition id : UX_CORESTACK_Condition cause : null
2025-10-29 19:54:32,573 [INFO] LogOutputStream:76 - [STDOUT_REDIRECT] 1 : Invalid condition id : UX_CORESTACK_Condition cause : null
2025-10-29 19:54:32,573 [INFO] LogOutputStream:76 - [STDOUT_REDIRECT] 1 : Invalid condition id : UX_CORESTACK_Condition cause : null
2025-10-29 19:54:32,573 [INFO] LogOutputStream:76 - [STDOUT_REDIRECT] 1 : Invalid condition id : UX_CORESTACK_Condition cause : null
2025-10-29 19:54:32,579 [WARN] PackLoader:238 - Cannot read IP mode file for STMicroelectronics.X-CUBE-AZRTOS-WL.2.0.0
2025-10-29 19:54:32,595 [ERROR] Engine:463 - C:\Users\Thanh Phong\.stm32cubemx\thirdparties\pdsc\STMicroelectronics.FP-SNS-MOTENV1.5.0.0.pdsc: PDSC version is not supported
2025-10-29 19:54:32,612 [WARN] PackLoader:238 - Cannot read IP mode file for STMicroelectronics.X-CUBE-BLE2.3.3.0
2025-10-29 19:54:32,628 [WARN] PackLoader:238 - Cannot read IP mode file for STMicroelectronics.X-CUBE-NFC9.1.0.0
2025-10-29 19:54:32,645 [WARN] PackLoader:238 - Cannot read IP mode file for wolfSSL.I-CUBE-wolfSSL.5.8.2
2025-10-29 19:54:32,659 [WARN] PackLoader:238 - Cannot read IP mode file for STMicroelectronics.X-CUBE-BLE1.7.1.0
2025-10-29 19:54:32,673 [WARN] PackLoader:238 - Cannot read IP mode file for wolfSSL.I-CUBE-wolfMQTT.1.19.2
2025-10-29 19:54:32,699 [WARN] PackLoader:238 - Cannot read IP mode file for STMicroelectronics.X-CUBE-EEPRMA1.5.2.0
2025-10-29 19:54:32,703 [ERROR] Engine:463 - C:\Users\Thanh Phong\.stm32cubemx\thirdparties\pdsc\STMicroelectronics.X-CUBE-ST67W61.1.1.0.pdsc: PDSC version is not supported
2025-10-29 19:54:32,735 [WARN] PackLoader:238 - Cannot read IP mode file for STMicroelectronics.X-CUBE-AZRTOS-G0.1.1.0
2025-10-29 19:54:32,751 [WARN] PackLoader:238 - Cannot read IP mode file for STMicroelectronics.X-CUBE-SAFEA1.1.2.2
2025-10-29 19:54:32,769 [WARN] PackLoader:238 - Cannot read IP mode file for STMicroelectronics.X-CUBE-NFC4.3.0.0
2025-10-29 19:54:32,783 [ERROR] Engine:463 - C:\Users\Thanh Phong\.stm32cubemx\thirdparties\pdsc\EmbeddedOffice.I-CUBE-FS-RTOS.1.0.1.pdsc: PDSC version is not supported
2025-10-29 19:54:32,797 [WARN] PackLoader:238 - Cannot read IP mode file for STMicroelectronics.X-CUBE-WB05N.2.0.0
2025-10-29 19:54:32,799 [WARN] PackLoader:238 - Cannot read IP mode file for wolfSSL.I-CUBE-wolfTPM.3.8.0
2025-10-29 19:54:32,818 [ERROR] Engine:463 - C:\Users\Thanh Phong\.stm32cubemx\thirdparties\pdsc\STMicroelectronics.X-CUBE-TCPP.4.2.0.pdsc: PDSC version is not supported
2025-10-29 19:54:32,833 [ERROR] Engine:463 - C:\Users\Thanh Phong\.stm32cubemx\thirdparties\pdsc\RealThread.X-CUBE-RT-Thread_Nano.4.1.1.pdsc: PDSC version is not supported
2025-10-29 19:54:32,838 [WARN] PackLoader:238 - Cannot read IP mode file for STMicroelectronics.FP-ATR-SIGFOX1.3.2.0
2025-10-29 19:54:32,851 [ERROR] Engine:463 - C:\Users\Thanh Phong\.stm32cubemx\thirdparties\pdsc\ITTIA_DB.I-CUBE-ITTIADB.8.9.0.pdsc: PDSC version is not supported
2025-10-29 19:54:32,866 [ERROR] Engine:463 - C:\Users\Thanh Phong\.stm32cubemx\thirdparties\pdsc\STMicroelectronics.X-CUBE-ST67W61.1.0.0.pdsc: PDSC version is not supported
2025-10-29 19:54:32,881 [WARN] PackLoader:238 - Cannot read IP mode file for STMicroelectronics.X-CUBE-AI.10.2.0
2025-10-29 19:54:32,912 [WARN] PackLoader:238 - Cannot read IP mode file for SEGGER.I-CUBE-embOS.1.3.1
2025-10-29 19:54:32,969 [WARN] PackLoader:238 - Cannot read IP mode file for STMicroelectronics.X-CUBE-ALGOBUILD.1.4.0
2025-10-29 19:54:33,015 [WARN] PackLoader:238 - Cannot read IP mode file for STMicroelectronics.X-CUBE-MEMS1.11.3.0
2025-10-29 19:54:33,150 [WARN] PackLoader:238 - Cannot read IP mode file for STMicroelectronics.X-CUBE-PM33A1.1.0.0
2025-10-29 19:54:33,209 [WARN] PackLoader:238 - Cannot read IP mode file for STMicroelectronics.X-CUBE-AZRTOS-F4.1.1.0
2025-10-29 19:54:33,234 [ERROR] Engine:463 - C:\Users\Thanh Phong\.stm32cubemx\thirdparties\pdsc\Avnet-IotConnect.X-CUBE-IoTC-DA16k-PMOD.1.0.0.pdsc: PDSC version is not supported
2025-10-29 19:54:33,256 [WARN] PackLoader:238 - Cannot read IP mode file for STMicroelectronics.X-CUBE-ISPU.2.1.0
2025-10-29 19:54:33,265 [ERROR] Engine:463 - C:\Users\Thanh Phong\.stm32cubemx\thirdparties\pdsc\STMicroelectronics.X-CUBE-IPS.3.2.0.pdsc: PDSC version is not supported
2025-10-29 19:54:33,289 [WARN] PackLoader:238 - Cannot read IP mode file for STMicroelectronics.X-CUBE-NFC12.1.0.0
2025-10-29 19:54:33,329 [WARN] PackLoader:238 - Cannot read IP mode file for STMicroelectronics.X-CUBE-AZRTOS-L5.2.0.0
2025-10-29 19:54:33,369 [WARN] PackLoader:238 - Cannot read IP mode file for STMicroelectronics.X-CUBE-NFC6.3.1.0
2025-10-29 19:54:33,369 [ERROR] Engine:463 - C:\Users\Thanh Phong\.stm32cubemx\thirdparties\pdsc\STMicroelectronics.X-CUBE-FREERTOS.1.3.1.pdsc: PDSC version is not supported
2025-10-29 19:54:33,377 [WARN] PackLoader:238 - Cannot read IP mode file for STMicroelectronics.X-CUBE-TOUCHGFX.4.26.0
2025-10-29 19:54:33,394 [ERROR] Engine:463 - C:\Users\Thanh Phong\.stm32cubemx\thirdparties\pdsc\STMicroelectronics.FP-SNS-STAIOTCFT.1.0.0.pdsc: PDSC version is not supported
2025-10-29 19:54:33,411 [ERROR] Engine:463 - C:\Users\Thanh Phong\.stm32cubemx\thirdparties\pdsc\STMicroelectronics.X-CUBE-DPower.1.3.0.pdsc: PDSC version is not supported
2025-10-29 19:54:33,459 [WARN] ConditionMgr:437 - getConditionDescription Invalid condition id : LAN8742 Phy interface Condition cause : null
2025-10-29 19:54:33,459 [WARN] PackLoader:238 - Cannot read IP mode file for STMicroelectronics.X-CUBE-AZRTOS-L4.2.0.0
2025-10-29 19:54:33,459 [WARN] ConditionMgr:1038 - genDependencies : Invalid condition id : LAN8742 Phy interface Condition cause : null
2025-10-29 19:54:33,463 [WARN] ConditionMgr:1038 - genDependencies : Invalid condition id : LAN8742 Phy interface Condition cause : null
2025-10-29 19:54:33,463 [WARN] ConditionMgr:1038 - genDependencies : Invalid condition id : LAN8742 Phy interface Condition cause : null
2025-10-29 19:54:33,487 [WARN] PackLoader:238 - Cannot read IP mode file for STMicroelectronics.X-CUBE-SFXS2LP1.4.0.0
2025-10-29 19:54:33,504 [ERROR] Engine:463 - C:\Users\Thanh Phong\.stm32cubemx\thirdparties\pdsc\STMicroelectronics.X-CUBE-BLEMGR.4.1.0.pdsc: PDSC version is not supported
2025-10-29 19:54:33,539 [WARN] ConditionMgr:437 - getConditionDescription Invalid condition id : UX DEVICE CLASS RTOS Condition cause : null
2025-10-29 19:54:33,539 [WARN] ConditionMgr:437 - getConditionDescription Invalid condition id : UX DEVICE CLASS RTOS Condition cause : null
2025-10-29 19:54:33,542 [WARN] PackLoader:238 - Cannot read IP mode file for STMicroelectronics.X-CUBE-AZRTOS-WB.2.0.0
2025-10-29 19:54:33,542 [WARN] ConditionMgr:1038 - genDependencies : Invalid condition id : UX DEVICE CLASS RTOS Condition cause : null
2025-10-29 19:54:33,542 [WARN] ConditionMgr:1038 - genDependencies : Invalid condition id : UX DEVICE CLASS RTOS Condition cause : null
2025-10-29 19:54:33,542 [WARN] ConditionMgr:1038 - genDependencies : Invalid condition id : UX DEVICE CLASS RTOS Condition cause : null
2025-10-29 19:54:33,544 [WARN] ConditionMgr:1038 - genDependencies : Invalid condition id : UX DEVICE CLASS RTOS Condition cause : null
2025-10-29 19:54:33,544 [WARN] ConditionMgr:1038 - genDependencies : Invalid condition id : UX DEVICE CLASS RTOS Condition cause : null
2025-10-29 19:54:33,562 [WARN] PackLoader:238 - Cannot read IP mode file for STMicroelectronics.X-CUBE-GNSS1.7.0.1
2025-10-29 19:54:33,581 [WARN] PackLoader:238 - Cannot read IP mode file for STMicroelectronics.X-CUBE-TOUCHGFX.4.25.0
2025-10-29 19:54:33,599 [ERROR] Engine:463 - C:\Users\Thanh Phong\.stm32cubemx\thirdparties\pdsc\quantropi.X-CUBE-qispace-sdk-base.2.1.0.pdsc: PDSC version is not supported
2025-10-29 19:54:33,619 [WARN] PackLoader:238 - Cannot read IP mode file for STMicroelectronics.X-CUBE-SUBG2.5.0.0
2025-10-29 19:54:33,679 [WARN] PackLoader:238 - Cannot read IP mode file for STMicroelectronics.X-CUBE-AZRTOS-H7RS.1.1.0
2025-10-29 19:54:33,699 [ERROR] Engine:463 - C:\Users\Thanh Phong\.stm32cubemx\thirdparties\pdsc\Cesanta.I-CUBE-Mongoose.7.13.0.pdsc: PDSC version is not supported
2025-10-29 19:54:33,735 [WARN] PackLoader:238 - Cannot read IP mode file for STMicroelectronics.X-CUBE-AZRTOS-G4.2.0.0
2025-10-29 19:54:33,743 [WARN] PackLoader:238 - Cannot read IP mode file for wolfSSL.I-CUBE-wolfSSH.1.4.20
2025-10-29 19:54:33,759 [WARN] PackLoader:238 - Cannot read IP mode file for STMicroelectronics.X-CUBE-NFC7.2.0.0
2025-10-29 19:54:33,779 [ERROR] Engine:463 - C:\Users\Thanh Phong\.stm32cubemx\thirdparties\pdsc\STMicroelectronics.X-CUBE-IPS.3.1.0.pdsc: PDSC version is not supported
2025-10-29 19:54:33,792 [ERROR] Engine:463 - C:\Users\Thanh Phong\.stm32cubemx\thirdparties\pdsc\STMicroelectronics.X-CUBE-ALS.1.0.2.pdsc: PDSC version is not supported
2025-10-29 19:54:33,811 [WARN] PackLoader:238 - Cannot read IP mode file for STMicroelectronics.X-CUBE-STSE01.1.0.0
2025-10-29 19:54:33,834 [ERROR] Engine:463 - C:\Users\Thanh Phong\.stm32cubemx\thirdparties\pdsc\STMicroelectronics.X-CUBE-TOF1.3.4.3.pdsc: PDSC version is not supported
2025-10-29 19:54:33,834 [INFO] ThirdParty:915 - Integrity check success = true
2025-10-29 19:54:33,834 [INFO] IntegrityCheckThread:94 - exiting critical section [integrity check]
2025-10-29 19:54:33,834 [INFO] IntegrityCheckThread:97 - End integrity checks thread
2025-10-29 19:54:34,844 [INFO] Context:592 - Trying to add GPIOservice into a context  which must be forbidden
2025-10-29 19:54:35,099 [INFO] ImportTextPane:167 - (OptionalMessage_ERROR) Unable to find key (Mcu.ThirdPartyNb) in loaded IOC file
2025-10-29 19:54:35,099 [INFO] ImportTextPane:167 - (OptionalMessage_ERROR) Unable to find key (Mcu.PinsNb) in loaded IOC file
2025-10-29 19:54:35,099 [INFO] ImportTextPane:167 - (OptionalMessage_ERROR) Unable to find key (Mcu.IPNb) in loaded IOC file
2025-10-29 19:54:35,142 [WARN] ApiManager:304 - Cannot register API 'Board Extension:PM33A1' from pack STMicroelectronics.X-CUBE-PM33A1.1.0.0: no header file found
2025-10-29 19:54:35,151 [WARN] ApiManager:304 - Cannot register API 'Board Extension:NFC09A1' from pack STMicroelectronics.X-CUBE-NFC9.1.0.0: no header file found
2025-10-29 19:54:35,159 [WARN] ApiManager:304 - Cannot register API 'Wireless:BlueNRG-MS' from pack STMicroelectronics.X-CUBE-BLE1.7.1.0: no header file found
2025-10-29 19:54:35,159 [WARN] ApiManager:304 - Cannot register API 'Board Extension:EEPRMA2' from pack STMicroelectronics.X-CUBE-EEPRMA1.5.2.0: no header file found
2025-10-29 19:54:35,159 [WARN] ApiManager:304 - Cannot register API 'Board Extension:PGEEZ1' from pack STMicroelectronics.X-CUBE-EEPRMA1.5.2.0: no header file found
2025-10-29 19:54:35,159 [WARN] ApiManager:304 - Cannot register API 'Board Extension:EEICA1' from pack STMicroelectronics.X-CUBE-EEPRMA1.5.2.0: no header file found
2025-10-29 19:54:35,159 [WARN] ApiManager:304 - Cannot register API 'Board Part:M24' from pack STMicroelectronics.X-CUBE-EEPRMA1.5.2.0: no header file found
2025-10-29 19:54:35,159 [WARN] ApiManager:304 - Cannot register API 'Board Part:M95' from pack STMicroelectronics.X-CUBE-EEPRMA1.5.2.0: no header file found
2025-10-29 19:54:35,159 [WARN] ApiManager:304 - Cannot register API 'Board Part:M95P32' from pack STMicroelectronics.X-CUBE-EEPRMA1.5.2.0: no header file found
2025-10-29 19:54:35,159 [WARN] ApiManager:304 - Cannot register API 'Board Part:M24256E-F' from pack STMicroelectronics.X-CUBE-EEPRMA1.5.2.0: no header file found
2025-10-29 19:54:35,159 [WARN] ApiManager:304 - Cannot register API 'Board Part:M24M01E-F' from pack STMicroelectronics.X-CUBE-EEPRMA1.5.2.0: no header file found
2025-10-29 19:54:35,159 [WARN] ApiManager:304 - Cannot register API 'PGEEZ1:SPI' from pack STMicroelectronics.X-CUBE-EEPRMA1.5.2.0: no header file found
2025-10-29 19:54:35,159 [WARN] ApiManager:304 - Cannot register API 'PGEEZ1:QDSPI' from pack STMicroelectronics.X-CUBE-EEPRMA1.5.2.0: no header file found
2025-10-29 19:54:35,168 [WARN] ApiManager:304 - Cannot register API 'Board Extension:GNSS1A1' from pack STMicroelectronics.X-CUBE-GNSS1.7.0.1: no header file found
2025-10-29 19:54:35,168 [WARN] ApiManager:304 - Cannot register API 'Board Support:Custom' from pack STMicroelectronics.X-CUBE-GNSS1.7.0.1: no header file found
2025-10-29 19:54:35,168 [WARN] ApiManager:304 - Cannot register API 'Data Exchange:lib_gnss' from pack STMicroelectronics.X-CUBE-GNSS1.7.0.1: no header file found
2025-10-29 19:54:35,169 [WARN] ApiManager:304 - Cannot register API 'Board Extension:NFC12A1' from pack STMicroelectronics.X-CUBE-NFC12.1.0.0: no header file found
2025-10-29 19:54:35,179 [WARN] ApiManager:304 - Cannot register API 'Board Extension:NFC06A1' from pack STMicroelectronics.X-CUBE-NFC6.3.1.0: no header file found
2025-10-29 19:54:35,179 [WARN] ApiManager:304 - Cannot register API 'Board Extension:NFC08A1' from pack STMicroelectronics.X-CUBE-NFC6.3.1.0: no header file found
2025-10-29 19:54:35,179 [INFO] RtosManager:484 - Registered RTOS mode: class=CMSIS, group=RTOS, mode=CMSIS_V1, owner=FREERTOS
2025-10-29 19:54:35,179 [INFO] RtosManager:484 - Registered RTOS mode: class=CMSIS, group=RTOS2, mode=CMSIS_V2, owner=FREERTOS
2025-10-29 19:54:35,179 [INFO] RtosManager:484 - Registered RTOS mode: class=RTOS, group=Core, mode=CMSIS_V1, owner=FREERTOS
2025-10-29 19:54:35,179 [INFO] RtosManager:484 - Registered RTOS mode: class=RTOS, group=Core, mode=CMSIS_V2, owner=FREERTOS
2025-10-29 19:54:35,179 [WARN] ModelIntegratedComponent:181 - Missing modes for component STMicroelectronics:FreeRTOS:0.0.1:STMicroelectronics:RTOS:FreeRTOS:Core:::10.2.0:
2025-10-29 19:54:35,184 [WARN] ApiManager:304 - Cannot register API 'Board Extension:STSAFEA1' from pack STMicroelectronics.X-CUBE-SAFEA1.1.2.2: no header file found
2025-10-29 19:54:35,184 [WARN] ApiManager:304 - Cannot register API 'Board Part:STSAFEA110' from pack STMicroelectronics.X-CUBE-SAFEA1.1.2.2: no header file found
2025-10-29 19:54:35,184 [WARN] ApiManager:304 - Cannot register API 'Security:ST_Cryptolib' from pack STMicroelectronics.X-CUBE-SAFEA1.1.2.2: no header file found
2025-10-29 19:54:35,184 [WARN] ApiManager:304 - Cannot register API 'Security:MbedTLS' from pack STMicroelectronics.X-CUBE-SAFEA1.1.2.2: no header file found
2025-10-29 19:54:35,184 [WARN] ApiManager:304 - Cannot register API 'Board Extension:NFC04A1' from pack STMicroelectronics.X-CUBE-NFC4.3.0.0: no header file found
2025-10-29 19:54:35,189 [WARN] ApiManager:304 - Cannot register API 'Board Extension:S2868A1' from pack STMicroelectronics.X-CUBE-SUBG2.5.0.0: no header file found
2025-10-29 19:54:35,189 [WARN] ApiManager:304 - Cannot register API 'Board Extension:S2868A2' from pack STMicroelectronics.X-CUBE-SUBG2.5.0.0: no header file found
2025-10-29 19:54:35,189 [WARN] ApiManager:304 - Cannot register API 'Board Extension:S2915A1' from pack STMicroelectronics.X-CUBE-SUBG2.5.0.0: no header file found
2025-10-29 19:54:35,192 [WARN] ApiManager:304 - Cannot register API 'Wireless:STM32WB05N' from pack STMicroelectronics.X-CUBE-WB05N.2.0.0: no header file found
2025-10-29 19:54:35,200 [WARN] ApiManager:304 - Cannot register API 'Board Extension:NFC07A1' from pack STMicroelectronics.X-CUBE-NFC7.2.0.0: no header file found
2025-10-29 19:54:35,200 [WARN] ApiManager:304 - Cannot register API 'Board Extension:NFC10A1' from pack STMicroelectronics.X-CUBE-NFC10.1.0.0: no header file found
2025-10-29 19:54:35,200 [WARN] ModelIntegratedComponent:60 - No mode defined for component null
2025-10-29 19:54:35,200 [WARN] ModelIntegratedComponent:60 - No mode defined for component null
2025-10-29 19:54:35,200 [WARN] ModelIntegratedComponent:60 - No mode defined for component null
2025-10-29 19:54:35,200 [WARN] ModelIntegratedComponent:60 - No mode defined for component null
2025-10-29 19:54:35,200 [WARN] ModelIntegratedComponent:60 - No mode defined for component null
2025-10-29 19:54:35,200 [WARN] ModelIntegratedComponent:60 - No mode defined for component null
2025-10-29 19:54:35,200 [WARN] ModelIntegratedComponent:60 - No mode defined for component null
2025-10-29 19:54:35,200 [WARN] ModelIntegratedComponent:60 - No mode defined for component null
2025-10-29 19:54:35,200 [WARN] ModelIntegratedComponent:60 - No mode defined for component null
2025-10-29 19:54:35,200 [WARN] ModelIntegratedComponent:60 - No mode defined for component null
2025-10-29 19:54:35,200 [WARN] ModelIntegratedComponent:60 - No mode defined for component null
2025-10-29 19:54:35,200 [WARN] ModelIntegratedComponent:60 - No mode defined for component null
2025-10-29 19:54:35,200 [WARN] ModelIntegratedComponent:60 - No mode defined for component null
2025-10-29 19:54:35,200 [WARN] ModelIntegratedComponent:60 - No mode defined for component null
2025-10-29 19:54:35,200 [WARN] ModelIntegratedComponent:60 - No mode defined for component null
2025-10-29 19:54:35,200 [WARN] ModelIntegratedComponent:60 - No mode defined for component null
2025-10-29 19:54:35,200 [WARN] ModelIntegratedComponent:60 - No mode defined for component null
2025-10-29 19:54:35,200 [WARN] ModelIntegratedComponent:60 - No mode defined for component null
2025-10-29 19:54:35,200 [WARN] ModelIntegratedComponent:60 - No mode defined for component null
2025-10-29 19:54:35,200 [WARN] ModelIntegratedComponent:60 - No mode defined for component null
2025-10-29 19:54:35,200 [WARN] ModelIntegratedComponent:60 - No mode defined for component null
2025-10-29 19:54:35,200 [WARN] ModelIntegratedComponent:60 - No mode defined for component null
2025-10-29 19:54:35,200 [WARN] ModelIntegratedComponent:60 - No mode defined for component null
2025-10-29 19:54:35,200 [WARN] ModelIntegratedComponent:60 - No mode defined for component null
2025-10-29 19:54:35,200 [WARN] ModelIntegratedComponent:60 - No mode defined for component null
2025-10-29 19:54:35,200 [WARN] ModelIntegratedComponent:60 - No mode defined for component null
2025-10-29 19:54:35,200 [WARN] ModelIntegratedComponent:60 - No mode defined for component null
2025-10-29 19:54:35,200 [WARN] ModelIntegratedComponent:60 - No mode defined for component null
2025-10-29 19:54:35,200 [WARN] ModelIntegratedComponent:60 - No mode defined for component null
2025-10-29 19:54:35,200 [WARN] ModelIntegratedComponent:60 - No mode defined for component null
2025-10-29 19:54:35,200 [WARN] ModelIntegratedComponent:60 - No mode defined for component null
2025-10-29 19:54:35,209 [WARN] ApiManager:304 - Cannot register API 'Board Extension:SAFEA1' from pack STMicroelectronics.X-CUBE-STSE01.1.0.0: no header file found
2025-10-29 19:54:35,209 [WARN] ApiManager:304 - Cannot register API 'Board Extension:ESE01A1' from pack STMicroelectronics.X-CUBE-STSE01.1.0.0: no header file found
2025-10-29 19:54:35,209 [WARN] ApiManager:304 - Cannot register API 'Board Part:STSAFEA110' from pack STMicroelectronics.X-CUBE-STSE01.1.0.0: no header file found
2025-10-29 19:54:35,209 [WARN] ApiManager:304 - Cannot register API 'Board Part:STSAFEA120' from pack STMicroelectronics.X-CUBE-STSE01.1.0.0: no header file found
2025-10-29 19:54:35,209 [WARN] ApiManager:304 - Cannot register API 'Security:STM32_Cryptographic' from pack STMicroelectronics.X-CUBE-STSE01.1.0.0: no header file found
2025-10-29 19:54:35,209 [WARN] ApiManager:304 - Cannot register API 'Security:STSELib' from pack STMicroelectronics.X-CUBE-STSE01.1.0.0: no header file found
2025-10-29 19:54:35,479 [WARN] ApiManager:304 - Cannot register API 'Board Extension:IKS01A3' from pack STMicroelectronics.X-CUBE-MEMS1.11.3.0: no header file found
2025-10-29 19:54:35,479 [WARN] ApiManager:304 - Cannot register API 'Board Extension:IKS02A1' from pack STMicroelectronics.X-CUBE-MEMS1.11.3.0: no header file found
2025-10-29 19:54:35,479 [WARN] ApiManager:304 - Cannot register API 'Board Extension:IKS4A1' from pack STMicroelectronics.X-CUBE-MEMS1.11.3.0: no header file found
2025-10-29 19:54:35,498 [WARN] ApiManager:304 - Cannot register API 'Board Extension:S2868A1' from pack STMicroelectronics.X-CUBE-SFXS2LP1.4.0.0: no header file found
2025-10-29 19:54:35,498 [WARN] ApiManager:304 - Cannot register API 'Board Extension:S2868A2' from pack STMicroelectronics.X-CUBE-SFXS2LP1.4.0.0: no header file found
2025-10-29 19:54:35,498 [WARN] ApiManager:304 - Cannot register API 'Board Extension:S2915A1' from pack STMicroelectronics.X-CUBE-SFXS2LP1.4.0.0: no header file found
2025-10-29 19:54:35,499 [WARN] ApiManager:304 - Cannot register API 'Wireless:BlueNRG-2' from pack STMicroelectronics.X-CUBE-BLE2.3.3.0: no header file found
2025-10-29 19:54:37,879 [INFO] UtilMem:74 - End LoadConfig() Used Memory: 902250152 Bytes (1026555904)
2025-10-29 19:54:37,891 [WARN] ThirdParty:779 - waiting for thirdparty lock release [change project]
2025-10-29 19:54:37,891 [INFO] ThirdParty:781 - entering critical section [change project]
2025-10-29 19:54:37,891 [INFO] ThirdParty:967 - CMSIS Pack Vendor :STMicroelectronics X-CUBE-PM33A1 1.0.0
2025-10-29 19:54:37,891 [INFO] ThirdParty:967 - CMSIS Pack Vendor :STMicroelectronics X-CUBE-NFC9 1.0.0
2025-10-29 19:54:37,891 [INFO] ThirdParty:967 - CMSIS Pack Vendor :STMicroelectronics USB_HOST 2.0.0
2025-10-29 19:54:37,891 [INFO] ThirdParty:967 - CMSIS Pack Vendor :STMicroelectronics X-CUBE-AZRTOS-F4 1.1.0
2025-10-29 19:54:37,891 [INFO] ThirdParty:967 - CMSIS Pack Vendor :STMicroelectronics FP-ATR-ASTRA1 2.0.2
2025-10-29 19:54:37,891 [INFO] ThirdParty:967 - CMSIS Pack Vendor :wolfSSL I-CUBE-wolfSSL 5.8.2
2025-10-29 19:54:37,891 [INFO] ThirdParty:967 - CMSIS Pack Vendor :STMicroelectronics X-CUBE-BLE1 7.1.0
2025-10-29 19:54:37,891 [INFO] ThirdParty:967 - CMSIS Pack Vendor :wolfSSL I-CUBE-wolfMQTT 1.19.2
2025-10-29 19:54:37,891 [INFO] ThirdParty:967 - CMSIS Pack Vendor :STMicroelectronics USB_DEVICE 3.0.0
2025-10-29 19:54:37,891 [INFO] ThirdParty:967 - CMSIS Pack Vendor :STMicroelectronics X-CUBE-ISPU 2.1.0
2025-10-29 19:54:37,891 [INFO] ThirdParty:967 - CMSIS Pack Vendor :STMicroelectronics X-CUBE-EEPRMA1 5.2.0
2025-10-29 19:54:37,891 [INFO] ThirdParty:967 - CMSIS Pack Vendor :STMicroelectronics X-CUBE-AZRTOS-WB 2.0.0
2025-10-29 19:54:37,891 [INFO] ThirdParty:967 - CMSIS Pack Vendor :STMicroelectronics X-CUBE-GNSS1 7.0.1
2025-10-29 19:54:37,891 [INFO] ThirdParty:967 - CMSIS Pack Vendor :STMicroelectronics X-CUBE-NFC12 1.0.0
2025-10-29 19:54:37,891 [INFO] ThirdParty:967 - CMSIS Pack Vendor :STMicroelectronics X-CUBE-AZRTOS-F7 1.1.0
2025-10-29 19:54:37,891 [INFO] ThirdParty:967 - CMSIS Pack Vendor :STMicroelectronics X-CUBE-AZRTOS-L5 2.0.0
2025-10-29 19:54:37,891 [INFO] ThirdParty:967 - CMSIS Pack Vendor :STMicroelectronics X-CUBE-TOUCHGFX 4.25.0
2025-10-29 19:54:37,891 [INFO] ThirdParty:967 - CMSIS Pack Vendor :STMicroelectronics USB_DEVICE 2.0.0
2025-10-29 19:54:37,891 [INFO] ThirdParty:967 - CMSIS Pack Vendor :STMicroelectronics X-CUBE-NFC6 3.1.0
2025-10-29 19:54:37,891 [INFO] ThirdParty:967 - CMSIS Pack Vendor :STMicroelectronics FreeRTOS 0.0.1
2025-10-29 19:54:37,891 [INFO] ThirdParty:967 - CMSIS Pack Vendor :STMicroelectronics X-CUBE-AZRTOS-G0 1.1.0
2025-10-29 19:54:37,891 [INFO] ThirdParty:967 - CMSIS Pack Vendor :STMicroelectronics X-CUBE-SAFEA1 1.2.2
2025-10-29 19:54:37,891 [INFO] ThirdParty:967 - CMSIS Pack Vendor :STMicroelectronics X-CUBE-NFC4 3.0.0
2025-10-29 19:54:37,891 [INFO] ThirdParty:967 - CMSIS Pack Vendor :STMicroelectronics X-CUBE-SUBG2 5.0.0
2025-10-29 19:54:37,891 [INFO] ThirdParty:967 - CMSIS Pack Vendor :STMicroelectronics X-CUBE-AZRTOS-H7RS 1.1.0
2025-10-29 19:54:37,891 [INFO] ThirdParty:967 - CMSIS Pack Vendor :STMicroelectronics lwIP 2.0.3
2025-10-29 19:54:37,891 [INFO] ThirdParty:967 - CMSIS Pack Vendor :STMicroelectronics USB_HOST 1.0.0
2025-10-29 19:54:37,891 [INFO] ThirdParty:967 - CMSIS Pack Vendor :STMicroelectronics X-CUBE-AZRTOS-G4 2.0.0
2025-10-29 19:54:37,891 [INFO] ThirdParty:967 - CMSIS Pack Vendor :STMicroelectronics X-CUBE-WB05N 2.0.0
2025-10-29 19:54:37,891 [INFO] ThirdParty:967 - CMSIS Pack Vendor :STMicroelectronics PDM2PCM 3.1.0
2025-10-29 19:54:37,891 [INFO] ThirdParty:967 - CMSIS Pack Vendor :STMicroelectronics PDM2PCM 3.3.0
2025-10-29 19:54:37,891 [INFO] ThirdParty:967 - CMSIS Pack Vendor :wolfSSL I-CUBE-wolfTPM 3.8.0
2025-10-29 19:54:37,891 [INFO] ThirdParty:967 - CMSIS Pack Vendor :STMicroelectronics X-CUBE-AZRTOS-H7 3.4.0
2025-10-29 19:54:37,891 [INFO] ThirdParty:967 - CMSIS Pack Vendor :wolfSSL I-CUBE-wolfSSH 1.4.20
2025-10-29 19:54:37,891 [INFO] ThirdParty:967 - CMSIS Pack Vendor :STMicroelectronics X-CUBE-NFC7 2.0.0
2025-10-29 19:54:37,891 [INFO] ThirdParty:967 - CMSIS Pack Vendor :STMicroelectronics FP-ATR-SIGFOX1 3.2.0
2025-10-29 19:54:37,891 [INFO] ThirdParty:967 - CMSIS Pack Vendor :STMicroelectronics X-CUBE-NFC10 1.0.0
2025-10-29 19:54:37,891 [INFO] ThirdParty:967 - CMSIS Pack Vendor :STMicroelectronics HAL Drivers 0.0.0
2025-10-29 19:54:37,891 [INFO] ThirdParty:967 - CMSIS Pack Vendor :STMicroelectronics MBEDTLS 2.16.2
2025-10-29 19:54:37,891 [INFO] ThirdParty:967 - CMSIS Pack Vendor :STMicroelectronics MBEDTLS 2.14.1
2025-10-29 19:54:37,891 [INFO] ThirdParty:967 - CMSIS Pack Vendor :STMicroelectronics X-CUBE-TOUCHGFX 4.26.0
2025-10-29 19:54:37,891 [INFO] ThirdParty:967 - CMSIS Pack Vendor :STMicroelectronics X-CUBE-STSE01 1.0.0
2025-10-29 19:54:37,891 [INFO] ThirdParty:967 - CMSIS Pack Vendor :STMicroelectronics X-CUBE-AI 10.2.0
2025-10-29 19:54:37,891 [INFO] ThirdParty:967 - CMSIS Pack Vendor :STMicroelectronics X-CUBE-AZRTOS-WL 2.0.0
2025-10-29 19:54:37,891 [INFO] ThirdParty:967 - CMSIS Pack Vendor :SEGGER I-CUBE-embOS 1.3.1
2025-10-29 19:54:37,891 [INFO] ThirdParty:967 - CMSIS Pack Vendor :STMicroelectronics X-CUBE-ALGOBUILD 1.4.0
2025-10-29 19:54:37,891 [INFO] ThirdParty:967 - CMSIS Pack Vendor :STMicroelectronics X-CUBE-MEMS1 11.3.0
2025-10-29 19:54:37,891 [INFO] ThirdParty:967 - CMSIS Pack Vendor :STMicroelectronics USB_DEVICE 1.0.0
2025-10-29 19:54:37,891 [INFO] ThirdParty:967 - CMSIS Pack Vendor :STMicroelectronics X-CUBE-AZRTOS-L4 2.0.0
2025-10-29 19:54:37,891 [INFO] ThirdParty:967 - CMSIS Pack Vendor :STMicroelectronics ThreadX 0.0.2
2025-10-29 19:54:37,891 [INFO] ThirdParty:967 - CMSIS Pack Vendor :STMicroelectronics lwIP 2.1.2
2025-10-29 19:54:37,891 [INFO] ThirdParty:967 - CMSIS Pack Vendor :STMicroelectronics X-CUBE-SFXS2LP1 4.0.0
2025-10-29 19:54:37,891 [INFO] ThirdParty:967 - CMSIS Pack Vendor :STMicroelectronics X-CUBE-BLE2 3.3.0
2025-10-29 19:54:37,891 [INFO] ThirdParty:967 - CMSIS Pack Vendor :STMicroelectronics PDM2PCM 3.2.0
2025-10-29 19:54:37,891 [INFO] ThirdParty:787 - exiting critical section [change project]
2025-10-29 19:54:38,201 [INFO] PinOutPanel:1463 - setPackage(No Configuration,No Configuration)
2025-10-29 19:54:38,201 [INFO] PinOutPanel:1463 - setPackage(STM32F103C6Ux,UFQFPN48)
2025-10-29 19:54:38,631 [INFO] UtilMem:74 - Before build in PCC Used Memory: 864673344 Bytes (1026555904)
2025-10-29 19:54:39,367 [INFO] UtilMem:74 - After build in PCC Used Memory: 903278584 Bytes (1026555904)
2025-10-29 19:54:39,391 [INFO] IPUIPlugin:74 - create IPUIPlugin
2025-10-29 19:54:39,391 [INFO] IPUIPlugin:74 - create IPUIPlugin
2025-10-29 19:54:39,391 [INFO] IPUIPlugin:74 - create IPUIPlugin
2025-10-29 19:54:39,391 [INFO] IPUIPlugin:74 - create IPUIPlugin
2025-10-29 19:54:39,391 [INFO] IPUIPlugin:74 - create IPUIPlugin
2025-10-29 19:54:39,391 [INFO] IPUIPlugin:74 - create IPUIPlugin
2025-10-29 19:54:39,391 [INFO] IPUIPlugin:74 - create IPUIPlugin
2025-10-29 19:54:39,391 [INFO] IPUIPlugin:74 - create IPUIPlugin
2025-10-29 19:54:39,391 [INFO] IPUIPlugin:74 - create IPUIPlugin
2025-10-29 19:54:39,391 [INFO] IPUIPlugin:74 - create IPUIPlugin
2025-10-29 19:54:39,391 [INFO] IPUIPlugin:74 - create IPUIPlugin
2025-10-29 19:54:39,391 [INFO] IPUIPlugin:74 - create IPUIPlugin
2025-10-29 19:54:39,391 [INFO] IPUIPlugin:74 - create IPUIPlugin
2025-10-29 19:54:39,391 [INFO] IPUIPlugin:74 - create IPUIPlugin
2025-10-29 19:54:39,391 [INFO] IPUIPlugin:74 - create IPUIPlugin
2025-10-29 19:54:39,391 [INFO] IPUIPlugin:74 - create IPUIPlugin
2025-10-29 19:54:39,399 [INFO] IPUIPlugin:74 - create IPUIPlugin
2025-10-29 19:54:39,399 [INFO] IPUIPlugin:74 - create IPUIPlugin
2025-10-29 19:54:39,399 [INFO] IPUIPlugin:74 - create IPUIPlugin
2025-10-29 19:54:39,399 [INFO] IPUIPlugin:74 - create IPUIPlugin
2025-10-29 19:54:39,399 [INFO] IPUIPlugin:74 - create IPUIPlugin
2025-10-29 19:54:39,399 [INFO] IPUIPlugin:74 - create IPUIPlugin
2025-10-29 19:54:39,399 [INFO] IPUIPlugin:74 - create IPUIPlugin
2025-10-29 19:54:39,566 [INFO] OpenFileManager:333 - Restore cursor
2025-10-29 19:54:40,023 [INFO] UtilMem:74 - End SaveConfig() Used Memory: 879619536 Bytes (1026555904)
2025-10-29 19:54:40,063 [INFO] UtilMem:74 - End SaveConfig() Used Memory: 891676112 Bytes (1026555904)
2025-10-29 19:54:40,287 [INFO] BlockDiagram:2740 - set Specific Code input for plugin: NVIC
2025-10-29 19:54:40,289 [INFO] BlockDiagram:2740 - set Specific Code input for plugin: SYS
2025-10-29 19:54:40,289 [INFO] BlockDiagram:2740 - set Specific Code input for plugin: RCC
2025-10-29 19:54:40,289 [INFO] CodeGenerator:663 - code generatio: config db path: C:\Users\Thanh Phong\STM32CubeIDE_1.7.0\STM32CubeIDE\plugins\com.st.stm32cube.common.mx_6.3.0.202107141111\\db\
2025-10-29 19:54:40,572 [INFO] CodeEngine:239 - oldGeneratedFile, D:\GIT_LAB3_VXL\LAB3\MXTmpFiles\license.tmp_save
2025-10-29 19:54:40,826 [INFO] CodeEngine:257 - Generated code: D:\GIT_LAB3_VXL\LAB3\MXTmpFiles\license.tmp
2025-10-29 19:54:40,941 [INFO] CodeEngine:239 - oldGeneratedFile, D:\GIT_LAB3_VXL\LAB3\Core\Src\stm32f1xx_it.c_save
2025-10-29 19:54:41,056 [INFO] CodeEngine:257 - Generated code: D:\GIT_LAB3_VXL\LAB3\Core\Src\stm32f1xx_it.c
2025-10-29 19:54:41,064 [INFO] CodeEngine:239 - oldGeneratedFile, D:\GIT_LAB3_VXL\LAB3\Core\Inc\stm32f1xx_it.h_save
2025-10-29 19:54:41,123 [INFO] CodeEngine:257 - Generated code: D:\GIT_LAB3_VXL\LAB3\Core\Inc\stm32f1xx_it.h
2025-10-29 19:54:41,139 [INFO] CodeEngine:239 - oldGeneratedFile, D:\GIT_LAB3_VXL\LAB3\Core\Src\stm32f1xx_hal_msp.c_save
2025-10-29 19:54:41,239 [INFO] CodeEngine:257 - Generated code: D:\GIT_LAB3_VXL\LAB3\Core\Src\stm32f1xx_hal_msp.c
2025-10-29 19:54:41,252 [INFO] CodeEngine:239 - oldGeneratedFile, D:\GIT_LAB3_VXL\LAB3\MXTmpFiles\system.tmp_save
2025-10-29 19:54:41,304 [INFO] CodeEngine:257 - Generated code: D:\GIT_LAB3_VXL\LAB3\MXTmpFiles\system.tmp
2025-10-29 19:54:41,323 [INFO] CodeEngine:239 - oldGeneratedFile, D:\GIT_LAB3_VXL\LAB3\Core\Inc\stm32f1xx_hal_conf.h_save
2025-10-29 19:54:41,384 [INFO] CodeEngine:257 - Generated code: D:\GIT_LAB3_VXL\LAB3\Core\Inc\stm32f1xx_hal_conf.h
2025-10-29 19:54:41,434 [INFO] CodeEngine:239 - oldGeneratedFile, D:\GIT_LAB3_VXL\LAB3\Core\Inc\main.h_save
2025-10-29 19:54:41,539 [INFO] CodeEngine:257 - Generated code: D:\GIT_LAB3_VXL\LAB3\Core\Inc\main.h
2025-10-29 19:54:41,556 [INFO] CodeEngine:239 - oldGeneratedFile, D:\GIT_LAB3_VXL\LAB3\Core\Src\main.c_save
2025-10-29 19:54:41,671 [INFO] CodeEngine:257 - Generated code: D:\GIT_LAB3_VXL\LAB3\Core\Src\main.c
2025-10-29 19:54:42,609 [INFO] ProjectBuilder:2578 - Time for Copy HAL[1] : 106mS.
2025-10-29 19:54:42,619 [INFO] ProjectBuilder:3622 - Project Generator version: 3.14.1
2025-10-29 19:54:42,966 [INFO] ConfigFileManager:1271 - The Die is : DIE412
2025-10-29 19:54:42,999 [INFO] ApiDbMcu:468 - Load IP Config File for FATFS
2025-10-29 19:54:43,030 [INFO] ApiDbMcu:468 - Load IP Config File for FREERTOS
2025-10-29 19:54:43,072 [INFO] ApiDbMcu:468 - Load IP Config File for USB_DEVICE
2025-10-29 19:54:50,009 [INFO] ProjectBuilder:3789 - Time for Generating toolchain IDE Files: 7390mS.
2025-10-29 19:54:50,009 [INFO] ProjectBuilder:2457 - Time for Copy CMSIS : 0mS.
2025-10-29 19:54:50,009 [INFO] ProjectBuilder:2457 - Time for Copy CMSIS : 0mS.
2025-10-29 19:54:52,486 [INFO] McuFinderGlobals:52 - Set McuFinderConnectedMode to true
2025-10-29 19:54:52,489 [INFO] ApiDb:276 - Save user favorites file C:\Users\Thanh Phong/.stm32cubeide/favorites.mcus.txt: 0 item(s)
2025-10-29 19:54:52,489 [INFO] ApiDb:280 - User favorites MCUs=[]
2025-10-29 20:06:49,531 [INFO] NvicIntPanel:96 - NVIC parent = com.st.microxplorer.plugins.ip.nvic.MultiNvicIntPanel[,0,0,450x186,layout=javax.swing.BoxLayout,alignmentX=0.0,alignmentY=0.0,border=,flags=9,maximumSize=,minimumSize=,preferredSize=]
2025-10-29 20:22:57,755 [INFO] UtilMem:74 - End SaveConfig() Used Memory: 854038512 Bytes (1073741824)
2025-10-29 20:22:59,584 [INFO] UtilMem:74 - End SaveConfig() Used Memory: 876580848 Bytes (1073741824)
2025-10-29 20:23:01,589 [INFO] UtilMem:74 - End SaveConfig() Used Memory: 848068296 Bytes (1073741824)
2025-10-29 20:23:01,818 [INFO] BlockDiagram:2740 - set Specific Code input for plugin: NVIC
2025-10-29 20:23:01,818 [INFO] BlockDiagram:2740 - set Specific Code input for plugin: SYS
2025-10-29 20:23:01,818 [INFO] BlockDiagram:2740 - set Specific Code input for plugin: GPIO
2025-10-29 20:23:01,818 [INFO] BlockDiagram:2740 - set Specific Code input for plugin: RCC
2025-10-29 20:23:01,818 [INFO] BlockDiagram:2740 - set Specific Code input for plugin: TIM1_8F1
2025-10-29 20:23:01,818 [INFO] CodeGenerator:663 - code generatio: config db path: C:\Users\Thanh Phong\STM32CubeIDE_1.7.0\STM32CubeIDE\plugins\com.st.stm32cube.common.mx_6.3.0.202107141111\\db\
2025-10-29 20:23:02,022 [INFO] CodeEngine:239 - oldGeneratedFile, D:\GIT_LAB3_VXL\LAB3\MXTmpFiles\license.tmp_save
2025-10-29 20:23:02,077 [INFO] CodeEngine:257 - Generated code: D:\GIT_LAB3_VXL\LAB3\MXTmpFiles\license.tmp
2025-10-29 20:23:02,140 [INFO] CodeEngine:239 - oldGeneratedFile, D:\GIT_LAB3_VXL\LAB3\MXTmpFiles\gpio.tmp_save
2025-10-29 20:23:02,204 [INFO] CodeEngine:257 - Generated code: D:\GIT_LAB3_VXL\LAB3\MXTmpFiles\gpio.tmp
2025-10-29 20:23:02,328 [INFO] CodeEngine:239 - oldGeneratedFile, D:\GIT_LAB3_VXL\LAB3\Core\Src\stm32f1xx_it.c_save
2025-10-29 20:23:02,405 [INFO] CodeEngine:257 - Generated code: D:\GIT_LAB3_VXL\LAB3\Core\Src\stm32f1xx_it.c
2025-10-29 20:23:02,410 [INFO] CodeEngine:239 - oldGeneratedFile, D:\GIT_LAB3_VXL\LAB3\Core\Inc\stm32f1xx_it.h_save
2025-10-29 20:23:02,484 [INFO] CodeEngine:257 - Generated code: D:\GIT_LAB3_VXL\LAB3\Core\Inc\stm32f1xx_it.h
2025-10-29 20:23:02,501 [INFO] CodeEngine:239 - oldGeneratedFile, D:\GIT_LAB3_VXL\LAB3\Core\Src\stm32f1xx_hal_msp.c_save
2025-10-29 20:23:02,605 [INFO] CodeEngine:257 - Generated code: D:\GIT_LAB3_VXL\LAB3\Core\Src\stm32f1xx_hal_msp.c
2025-10-29 20:23:02,607 [INFO] CodeEngine:239 - oldGeneratedFile, D:\GIT_LAB3_VXL\LAB3\MXTmpFiles\system.tmp_save
2025-10-29 20:23:02,665 [INFO] CodeEngine:257 - Generated code: D:\GIT_LAB3_VXL\LAB3\MXTmpFiles\system.tmp
2025-10-29 20:23:02,679 [INFO] CodeEngine:239 - oldGeneratedFile, D:\GIT_LAB3_VXL\LAB3\Core\Inc\stm32f1xx_hal_conf.h_save
2025-10-29 20:23:02,770 [INFO] CodeEngine:257 - Generated code: D:\GIT_LAB3_VXL\LAB3\Core\Inc\stm32f1xx_hal_conf.h
2025-10-29 20:23:02,786 [WARN] IPConfigManager:3148 - IP not found : TIM
2025-10-29 20:23:02,788 [WARN] CodeGenerator:3268 - IP not found : null
2025-10-29 20:23:02,805 [INFO] CodeEngine:239 - oldGeneratedFile, D:\GIT_LAB3_VXL\LAB3\Core\Inc\main.h_save
2025-10-29 20:23:02,866 [INFO] CodeEngine:257 - Generated code: D:\GIT_LAB3_VXL\LAB3\Core\Inc\main.h
2025-10-29 20:23:02,866 [INFO] CodeEngine:239 - oldGeneratedFile, D:\GIT_LAB3_VXL\LAB3\Core\Src\main.c_save
2025-10-29 20:23:02,961 [INFO] CodeEngine:257 - Generated code: D:\GIT_LAB3_VXL\LAB3\Core\Src\main.c
2025-10-29 20:23:03,667 [INFO] ProjectBuilder:2578 - Time for Copy HAL[1] : 58mS.
2025-10-29 20:23:03,669 [INFO] ProjectBuilder:3622 - Project Generator version: 3.14.1
2025-10-29 20:23:03,958 [INFO] ConfigFileManager:1271 - The Die is : DIE412
2025-10-29 20:23:06,499 [INFO] ProjectBuilder:3789 - Time for Generating toolchain IDE Files: 2830mS.
2025-10-29 20:23:06,499 [INFO] ProjectBuilder:2457 - Time for Copy CMSIS : 0mS.
2025-10-29 20:23:06,499 [INFO] ProjectBuilder:2457 - Time for Copy CMSIS : 0mS.
2025-10-30 02:33:13,770 [INFO] UtilMem:74 - End SaveConfig() Used Memory: 946276016 Bytes (1073741824)
2025-10-30 02:33:14,715 [INFO] UtilMem:74 - End SaveConfig() Used Memory: 972752368 Bytes (1073741824)
2025-10-30 02:33:16,511 [INFO] UtilMem:74 - End SaveConfig() Used Memory: 937317592 Bytes (1073741824)
2025-10-30 02:33:16,723 [INFO] BlockDiagram:2740 - set Specific Code input for plugin: NVIC
2025-10-30 02:33:16,723 [INFO] BlockDiagram:2740 - set Specific Code input for plugin: SYS
2025-10-30 02:33:16,723 [INFO] BlockDiagram:2740 - set Specific Code input for plugin: GPIO
2025-10-30 02:33:16,723 [INFO] BlockDiagram:2740 - set Specific Code input for plugin: RCC
2025-10-30 02:33:16,723 [INFO] BlockDiagram:2740 - set Specific Code input for plugin: TIM1_8F1
2025-10-30 02:33:16,723 [INFO] CodeGenerator:663 - code generatio: config db path: C:\Users\Thanh Phong\STM32CubeIDE_1.7.0\STM32CubeIDE\plugins\com.st.stm32cube.common.mx_6.3.0.202107141111\\db\
2025-10-30 02:33:16,955 [INFO] CodeEngine:239 - oldGeneratedFile, D:\GIT_LAB3_VXL\LAB3\MXTmpFiles\license.tmp_save
2025-10-30 02:33:17,034 [INFO] CodeEngine:257 - Generated code: D:\GIT_LAB3_VXL\LAB3\MXTmpFiles\license.tmp
2025-10-30 02:33:17,074 [INFO] CodeEngine:239 - oldGeneratedFile, D:\GIT_LAB3_VXL\LAB3\MXTmpFiles\gpio.tmp_save
2025-10-30 02:33:17,147 [INFO] CodeEngine:257 - Generated code: D:\GIT_LAB3_VXL\LAB3\MXTmpFiles\gpio.tmp
2025-10-30 02:33:17,200 [INFO] CodeEngine:239 - oldGeneratedFile, D:\GIT_LAB3_VXL\LAB3\Core\Src\stm32f1xx_it.c_save
2025-10-30 02:33:17,280 [INFO] CodeEngine:257 - Generated code: D:\GIT_LAB3_VXL\LAB3\Core\Src\stm32f1xx_it.c
2025-10-30 02:33:17,306 [INFO] CodeEngine:239 - oldGeneratedFile, D:\GIT_LAB3_VXL\LAB3\Core\Inc\stm32f1xx_it.h_save
2025-10-30 02:33:17,373 [INFO] CodeEngine:257 - Generated code: D:\GIT_LAB3_VXL\LAB3\Core\Inc\stm32f1xx_it.h
2025-10-30 02:33:17,400 [INFO] CodeEngine:239 - oldGeneratedFile, D:\GIT_LAB3_VXL\LAB3\Core\Src\stm32f1xx_hal_msp.c_save
2025-10-30 02:33:17,485 [INFO] CodeEngine:257 - Generated code: D:\GIT_LAB3_VXL\LAB3\Core\Src\stm32f1xx_hal_msp.c
2025-10-30 02:33:17,497 [INFO] CodeEngine:239 - oldGeneratedFile, D:\GIT_LAB3_VXL\LAB3\MXTmpFiles\system.tmp_save
2025-10-30 02:33:17,548 [INFO] CodeEngine:257 - Generated code: D:\GIT_LAB3_VXL\LAB3\MXTmpFiles\system.tmp
2025-10-30 02:33:17,584 [INFO] CodeEngine:239 - oldGeneratedFile, D:\GIT_LAB3_VXL\LAB3\Core\Inc\stm32f1xx_hal_conf.h_save
2025-10-30 02:33:17,673 [INFO] CodeEngine:257 - Generated code: D:\GIT_LAB3_VXL\LAB3\Core\Inc\stm32f1xx_hal_conf.h
2025-10-30 02:33:17,689 [WARN] IPConfigManager:3148 - IP not found : TIM
2025-10-30 02:33:17,691 [WARN] CodeGenerator:3268 - IP not found : null
2025-10-30 02:33:17,715 [INFO] CodeEngine:239 - oldGeneratedFile, D:\GIT_LAB3_VXL\LAB3\Core\Inc\main.h_save
2025-10-30 02:33:17,782 [INFO] CodeEngine:257 - Generated code: D:\GIT_LAB3_VXL\LAB3\Core\Inc\main.h
2025-10-30 02:33:17,798 [INFO] CodeEngine:239 - oldGeneratedFile, D:\GIT_LAB3_VXL\LAB3\Core\Src\main.c_save
2025-10-30 02:33:17,878 [INFO] CodeEngine:257 - Generated code: D:\GIT_LAB3_VXL\LAB3\Core\Src\main.c
2025-10-30 02:33:18,561 [INFO] ProjectBuilder:2578 - Time for Copy HAL[1] : 60mS.
2025-10-30 02:33:18,563 [INFO] ProjectBuilder:3622 - Project Generator version: 3.14.1
2025-10-30 02:33:18,812 [INFO] ConfigFileManager:1271 - The Die is : DIE412
2025-10-30 02:33:20,071 [INFO] ProjectBuilder:3789 - Time for Generating toolchain IDE Files: 1508mS.
2025-10-30 02:33:20,071 [INFO] ProjectBuilder:2457 - Time for Copy CMSIS : 0mS.
2025-10-30 02:33:20,071 [INFO] ProjectBuilder:2457 - Time for Copy CMSIS : 0mS.
2025-10-30 03:14:45,843 [INFO] Gpio:254 - dependency for GPIO []
2025-10-30 14:27:33,670 [INFO] Activator:177 - 


2025-10-30 14:27:33,670 [INFO] Activator:178 - !SESSION log4j initialized
2025-10-30 14:27:36,576 [INFO] McuFinderGlobals:39 - Set McuFinder mode to 2 (CubeIDE integrated)
2025-10-30 14:27:36,817 [INFO] ApplicationProperties:181 - Using Application install path: C:\Users\Thanh Phong\STM32CubeIDE_1.7.0\STM32CubeIDE\plugins\com.st.stm32cube.common.mx_6.3.0.202107141111
2025-10-30 14:27:36,826 [INFO] DbMcusXml:74 - Set database path to: C:\Users\Thanh Phong\STM32CubeIDE_1.7.0\STM32CubeIDE\plugins\com.st.stm32cube.common.mx_6.3.0.202107141111\\db\/mcu/
2025-10-30 14:27:36,828 [INFO] DbBoardsPdsc:56 - Set plugin database path to: C:\Users\Thanh Phong\STM32CubeIDE_1.7.0\STM32CubeIDE\plugins\com.st.stm32cube.common.mx_6.3.0.202107141111\\db\/plugins/boardmanager/
2025-10-30 14:27:36,828 [INFO] DbMcus:258 - Set plugin images path to: C:\Users\Thanh Phong\STM32CubeIDE_1.7.0\STM32CubeIDE\plugins\com.st.stm32cube.common.mx_6.3.0.202107141111\\db\/plugins/mcufinder/images/
2025-10-30 14:27:36,828 [INFO] DbBoards:264 - Set plugin images path to: C:\Users\Thanh Phong\STM32CubeIDE_1.7.0\STM32CubeIDE\plugins\com.st.stm32cube.common.mx_6.3.0.202107141111\\db\/plugins/mcufinder/images/
2025-10-30 14:27:36,830 [INFO] DbExamples:333 - Set plugin images path to: C:\Users\Thanh Phong\STM32CubeIDE_1.7.0\STM32CubeIDE\plugins\com.st.stm32cube.common.mx_6.3.0.202107141111\\db\/plugins/mcufinder/images/
2025-10-30 14:27:36,834 [INFO] DbMcusAds:119 - Set database path to: C:\Users\Thanh Phong\.stmcufinder\plugins\mcufinder//mcu/
2025-10-30 14:27:36,834 [INFO] DbMcusDocs:110 - Set database path to: C:\Users\Thanh Phong\.stmcufinder\plugins\mcufinder//mcu/
2025-10-30 14:27:36,836 [INFO] DbMcusJson:64 - Set database path to: C:\Users\Thanh Phong\.stmcufinder\plugins\mcufinder//mcu/
2025-10-30 14:27:36,836 [INFO] DbBoardsDocs:110 - Set database path to: C:\Users\Thanh Phong\.stmcufinder\plugins\mcufinder//mcu/
2025-10-30 14:27:36,837 [INFO] DbBoardsJson:57 - Set database path to: C:\Users\Thanh Phong\.stmcufinder\plugins\mcufinder//mcu/
2025-10-30 14:27:37,853 [INFO] CrossReferenceDbSqlite:196 - Set database path to: C:\Users\Thanh Phong\.stmcufinder\plugins\mcufinder//mcu/cs/
2025-10-30 14:27:37,857 [INFO] DbExamplesSqlite:767 - Set database path to: C:\Users\Thanh Phong\.stmcufinder\plugins\mcufinder//mcu/
2025-10-30 14:27:37,939 [INFO] RulesReader:57 - Compatibility file has been processed (242 Rules)
2025-10-30 14:27:38,051 [INFO] DbMcusXml:74 - Set database path to: C:\Users\Thanh Phong\STM32CubeIDE_1.7.0\STM32CubeIDE\plugins\com.st.stm32cube.common.mx_6.3.0.202107141111\\db\/mcu/
2025-10-30 14:27:38,052 [INFO] DbBoardsPdsc:56 - Set plugin database path to: C:\Users\Thanh Phong\STM32CubeIDE_1.7.0\STM32CubeIDE\plugins\com.st.stm32cube.common.mx_6.3.0.202107141111\\db\/plugins/boardmanager/
2025-10-30 14:27:38,052 [INFO] DbMcus:258 - Set plugin images path to: C:\Users\Thanh Phong\STM32CubeIDE_1.7.0\STM32CubeIDE\plugins\com.st.stm32cube.common.mx_6.3.0.202107141111\\db\/plugins/mcufinder/images/
2025-10-30 14:27:38,052 [INFO] DbBoards:264 - Set plugin images path to: C:\Users\Thanh Phong\STM32CubeIDE_1.7.0\STM32CubeIDE\plugins\com.st.stm32cube.common.mx_6.3.0.202107141111\\db\/plugins/mcufinder/images/
2025-10-30 14:27:38,052 [INFO] DbExamples:333 - Set plugin images path to: C:\Users\Thanh Phong\STM32CubeIDE_1.7.0\STM32CubeIDE\plugins\com.st.stm32cube.common.mx_6.3.0.202107141111\\db\/plugins/mcufinder/images/
2025-10-30 14:27:38,053 [WARN] DbFile:35 - Overriding database path with different value: C:\Users\Thanh Phong\.stmcufinder\plugins\mcufinder/ => C:\Users\Thanh Phong\.stmcufinder\plugins\mcufinder
2025-10-30 14:27:38,053 [INFO] DbMcusAds:119 - Set database path to: C:\Users\Thanh Phong\.stmcufinder\plugins\mcufinder//mcu/
2025-10-30 14:27:38,053 [WARN] DbFile:35 - Overriding database path with different value: C:\Users\Thanh Phong\.stmcufinder\plugins\mcufinder/ => C:\Users\Thanh Phong\.stmcufinder\plugins\mcufinder
2025-10-30 14:27:38,053 [INFO] DbMcusDocs:110 - Set database path to: C:\Users\Thanh Phong\.stmcufinder\plugins\mcufinder//mcu/
2025-10-30 14:27:38,053 [WARN] DbFile:35 - Overriding database path with different value: C:\Users\Thanh Phong\.stmcufinder\plugins\mcufinder/ => C:\Users\Thanh Phong\.stmcufinder\plugins\mcufinder
2025-10-30 14:27:38,053 [INFO] DbMcusJson:64 - Set database path to: C:\Users\Thanh Phong\.stmcufinder\plugins\mcufinder//mcu/
2025-10-30 14:27:38,053 [WARN] DbFile:35 - Overriding database path with different value: C:\Users\Thanh Phong\.stmcufinder\plugins\mcufinder/ => C:\Users\Thanh Phong\.stmcufinder\plugins\mcufinder
2025-10-30 14:27:38,053 [INFO] DbBoardsDocs:110 - Set database path to: C:\Users\Thanh Phong\.stmcufinder\plugins\mcufinder//mcu/
2025-10-30 14:27:38,053 [WARN] DbFile:35 - Overriding database path with different value: C:\Users\Thanh Phong\.stmcufinder\plugins\mcufinder/ => C:\Users\Thanh Phong\.stmcufinder\plugins\mcufinder
2025-10-30 14:27:38,055 [INFO] DbBoardsJson:57 - Set database path to: C:\Users\Thanh Phong\.stmcufinder\plugins\mcufinder//mcu/
2025-10-30 14:27:38,055 [WARN] DbFile:35 - Overriding database path with different value: C:\Users\Thanh Phong\.stmcufinder\plugins\mcufinder/ => C:\Users\Thanh Phong\.stmcufinder\plugins\mcufinder
2025-10-30 14:27:38,055 [WARN] DbFile:35 - Overriding database path with different value: C:\Users\Thanh Phong\.stmcufinder\plugins\mcufinder/ => C:\Users\Thanh Phong\.stmcufinder\plugins\mcufinder
2025-10-30 14:27:38,852 [INFO] CrossReferenceDbSqlite:196 - Set database path to: C:\Users\Thanh Phong\.stmcufinder\plugins\mcufinder//mcu/cs/
2025-10-30 14:27:38,852 [WARN] DbFile:35 - Overriding database path with different value: C:\Users\Thanh Phong\.stmcufinder\plugins\mcufinder/ => C:\Users\Thanh Phong\.stmcufinder\plugins\mcufinder
2025-10-30 14:27:38,852 [INFO] DbExamplesSqlite:767 - Set database path to: C:\Users\Thanh Phong\.stmcufinder\plugins\mcufinder//mcu/
2025-10-30 14:27:38,907 [INFO] MainPanel:214 - HeapMemory: 268435456
2025-10-30 14:27:38,967 [INFO] DbMcusXml:74 - Set database path to: C:\Users\Thanh Phong\STM32CubeIDE_1.7.0\STM32CubeIDE\plugins\com.st.stm32cube.common.mx_6.3.0.202107141111\\db\/mcu/
2025-10-30 14:27:38,967 [INFO] DbBoardsPdsc:56 - Set plugin database path to: C:\Users\Thanh Phong\STM32CubeIDE_1.7.0\STM32CubeIDE\plugins\com.st.stm32cube.common.mx_6.3.0.202107141111\\db\/plugins/boardmanager/
2025-10-30 14:27:38,967 [INFO] DbMcus:258 - Set plugin images path to: C:\Users\Thanh Phong\STM32CubeIDE_1.7.0\STM32CubeIDE\plugins\com.st.stm32cube.common.mx_6.3.0.202107141111\\db\/plugins/mcufinder/images/
2025-10-30 14:27:38,967 [INFO] DbBoards:264 - Set plugin images path to: C:\Users\Thanh Phong\STM32CubeIDE_1.7.0\STM32CubeIDE\plugins\com.st.stm32cube.common.mx_6.3.0.202107141111\\db\/plugins/mcufinder/images/
2025-10-30 14:27:38,967 [INFO] DbExamples:333 - Set plugin images path to: C:\Users\Thanh Phong\STM32CubeIDE_1.7.0\STM32CubeIDE\plugins\com.st.stm32cube.common.mx_6.3.0.202107141111\\db\/plugins/mcufinder/images/
2025-10-30 14:27:38,967 [WARN] DbFile:35 - Overriding database path with different value: C:\Users\Thanh Phong\.stmcufinder\plugins\mcufinder/ => C:\Users\Thanh Phong\.stmcufinder\plugins\mcufinder
2025-10-30 14:27:38,967 [INFO] DbMcusAds:119 - Set database path to: C:\Users\Thanh Phong\.stmcufinder\plugins\mcufinder//mcu/
2025-10-30 14:27:38,967 [WARN] DbFile:35 - Overriding database path with different value: C:\Users\Thanh Phong\.stmcufinder\plugins\mcufinder/ => C:\Users\Thanh Phong\.stmcufinder\plugins\mcufinder
2025-10-30 14:27:38,967 [INFO] DbMcusDocs:110 - Set database path to: C:\Users\Thanh Phong\.stmcufinder\plugins\mcufinder//mcu/
2025-10-30 14:27:38,967 [WARN] DbFile:35 - Overriding database path with different value: C:\Users\Thanh Phong\.stmcufinder\plugins\mcufinder/ => C:\Users\Thanh Phong\.stmcufinder\plugins\mcufinder
2025-10-30 14:27:38,967 [INFO] DbMcusJson:64 - Set database path to: C:\Users\Thanh Phong\.stmcufinder\plugins\mcufinder//mcu/
2025-10-30 14:27:38,967 [WARN] DbFile:35 - Overriding database path with different value: C:\Users\Thanh Phong\.stmcufinder\plugins\mcufinder/ => C:\Users\Thanh Phong\.stmcufinder\plugins\mcufinder
2025-10-30 14:27:38,967 [INFO] DbBoardsDocs:110 - Set database path to: C:\Users\Thanh Phong\.stmcufinder\plugins\mcufinder//mcu/
2025-10-30 14:27:38,967 [WARN] DbFile:35 - Overriding database path with different value: C:\Users\Thanh Phong\.stmcufinder\plugins\mcufinder/ => C:\Users\Thanh Phong\.stmcufinder\plugins\mcufinder
2025-10-30 14:27:38,967 [INFO] DbBoardsJson:57 - Set database path to: C:\Users\Thanh Phong\.stmcufinder\plugins\mcufinder//mcu/
2025-10-30 14:27:38,967 [WARN] DbFile:35 - Overriding database path with different value: C:\Users\Thanh Phong\.stmcufinder\plugins\mcufinder/ => C:\Users\Thanh Phong\.stmcufinder\plugins\mcufinder
2025-10-30 14:27:38,967 [WARN] DbFile:35 - Overriding database path with different value: C:\Users\Thanh Phong\.stmcufinder\plugins\mcufinder/ => C:\Users\Thanh Phong\.stmcufinder\plugins\mcufinder
2025-10-30 14:27:39,853 [INFO] CrossReferenceDbSqlite:196 - Set database path to: C:\Users\Thanh Phong\.stmcufinder\plugins\mcufinder//mcu/cs/
2025-10-30 14:27:39,853 [WARN] DbFile:35 - Overriding database path with different value: C:\Users\Thanh Phong\.stmcufinder\plugins\mcufinder/ => C:\Users\Thanh Phong\.stmcufinder\plugins\mcufinder
2025-10-30 14:27:39,853 [INFO] DbExamplesSqlite:767 - Set database path to: C:\Users\Thanh Phong\.stmcufinder\plugins\mcufinder//mcu/
2025-10-30 14:27:39,866 [INFO] ApplicationProperties:181 - Using Application install path: C:\Users\Thanh Phong\STM32CubeIDE_1.7.0\STM32CubeIDE\plugins\com.st.stm32cube.common.mx_6.3.0.202107141111
2025-10-30 14:27:39,866 [INFO] PluginManage:188 - Search for loadable plugins [exclusion list=, ]
2025-10-30 14:27:39,870 [INFO] PluginManage:302 - Check plugin analytics
2025-10-30 14:27:40,882 [INFO] AnalyticsPlugin:257 - Accepted Software Licenses: 
2025-10-30 14:27:40,888 [INFO] AnalyticsPlugin:259 - Accepted CMSIS Pack Licenses: 
2025-10-30 14:27:40,888 [INFO] AnalyticsPlugin:261 - Accepted Firmware Licenses: 
2025-10-30 14:27:40,888 [INFO] PluginManage:352 - Loaded plugin analytics (category:tool,tabindex:-1)
2025-10-30 14:27:40,888 [INFO] PluginManage:302 - Check plugin clock
2025-10-30 14:27:40,909 [INFO] PluginManage:352 - Loaded plugin clock (category:base,tabindex:2)
2025-10-30 14:27:40,909 [INFO] PluginManage:302 - Check plugin ddr
2025-10-30 14:27:40,913 [INFO] PluginManage:352 - Loaded plugin ddr (category:tool,tabindex:6)
2025-10-30 14:27:40,913 [INFO] PluginManage:302 - Check plugin filemanager
2025-10-30 14:27:41,003 [INFO] PluginManage:352 - Loaded plugin filemanager (category:base,tabindex:10)
2025-10-30 14:27:41,003 [INFO] PluginManage:302 - Check plugin ipmanager
2025-10-30 14:27:41,009 [INFO] PluginManage:352 - Loaded plugin ipmanager (category:base,tabindex:5)
2025-10-30 14:27:41,009 [INFO] PluginManage:302 - Check plugin pinoutandconfiguration
2025-10-30 14:27:41,028 [INFO] PluginManage:352 - Loaded plugin pinoutandconfiguration (category:base,tabindex:1)
2025-10-30 14:27:41,028 [INFO] PluginManage:302 - Check plugin pinoutconfig
2025-10-30 14:27:41,064 [INFO] PluginManage:352 - Loaded plugin pinoutconfig (category:base,tabindex:0)
2025-10-30 14:27:41,064 [INFO] PluginManage:302 - Check plugin power
2025-10-30 14:27:41,082 [INFO] PluginManage:352 - Loaded plugin power (category:power,tabindex:4)
2025-10-30 14:27:41,082 [INFO] PluginManage:302 - Check plugin projectmanager
2025-10-30 14:27:41,094 [INFO] PluginManage:352 - Loaded plugin projectmanager (category:projectmanager,tabindex:3)
2025-10-30 14:27:41,094 [INFO] PluginManage:302 - Check plugin thirdparty
2025-10-30 14:27:41,325 [INFO] PluginManage:352 - Loaded plugin thirdparty (category:base,tabindex:-1)
2025-10-30 14:27:41,325 [INFO] PluginManage:302 - Check plugin tools
2025-10-30 14:27:41,325 [WARN] IntegrityCheckThread:78 - waiting for thirdparty lock release [integrity check]
2025-10-30 14:27:41,325 [INFO] IntegrityCheckThread:80 - entering critical section [integrity check]
2025-10-30 14:27:41,325 [INFO] ThirdPartyUpdaterWithRetryManager:66 - Updater plugin not ready yet. [1/15]
2025-10-30 14:27:41,392 [INFO] PluginManage:352 - Loaded plugin tools (category:base,tabindex:7)
2025-10-30 14:27:41,397 [INFO] PluginManage:302 - Check plugin tutovideos
2025-10-30 14:27:41,591 [INFO] PluginManage:352 - Loaded plugin tutovideos (category:base,tabindex:-1)
2025-10-30 14:27:41,591 [INFO] PluginManage:302 - Check plugin updater
2025-10-30 14:27:41,603 [INFO] PluginManage:352 - Loaded plugin updater (category:base,tabindex:12)
2025-10-30 14:27:41,603 [INFO] PluginManage:275 - PluginManage : Loaded plugins [13]
2025-10-30 14:27:41,761 [INFO] PinOutPanel:1463 - setPackage(No Configuration,No Configuration)
2025-10-30 14:27:41,840 [INFO] IPUIPlugin:74 - create IPUIPlugin
2025-10-30 14:27:41,840 [INFO] PluginManager:213 - loadIPPluginJar : add adc
2025-10-30 14:27:41,904 [INFO] IPUIPlugin:74 - create IPUIPlugin
2025-10-30 14:27:41,904 [INFO] PluginManager:213 - loadIPPluginJar : add aes
2025-10-30 14:27:41,959 [INFO] IPUIPlugin:74 - create IPUIPlugin
2025-10-30 14:27:41,959 [INFO] PluginManager:213 - loadIPPluginJar : add can
2025-10-30 14:27:41,997 [INFO] IPUIPlugin:74 - create IPUIPlugin
2025-10-30 14:27:41,997 [INFO] PluginManager:213 - loadIPPluginJar : add comp
2025-10-30 14:27:42,046 [INFO] IPUIPlugin:74 - create IPUIPlugin
2025-10-30 14:27:42,046 [INFO] PluginManager:213 - loadIPPluginJar : add cryp
2025-10-30 14:27:42,095 [INFO] IPUIPlugin:74 - create IPUIPlugin
2025-10-30 14:27:42,095 [INFO] PluginManager:213 - loadIPPluginJar : add dfsdm
2025-10-30 14:27:42,113 [INFO] IPUIPlugin:74 - create IPUIPlugin
2025-10-30 14:27:42,113 [INFO] PluginManager:213 - loadIPPluginJar : add dma
2025-10-30 14:27:42,179 [INFO] IPUIPlugin:74 - create IPUIPlugin
2025-10-30 14:27:42,179 [INFO] PluginManager:213 - loadIPPluginJar : add dma3
2025-10-30 14:27:42,227 [INFO] IPUIPlugin:74 - create IPUIPlugin
2025-10-30 14:27:42,227 [INFO] PluginManager:213 - loadIPPluginJar : add fatfs
2025-10-30 14:27:42,318 [INFO] IPUIPlugin:74 - create IPUIPlugin
2025-10-30 14:27:42,318 [INFO] PluginManager:213 - loadIPPluginJar : add fmc
2025-10-30 14:27:42,343 [INFO] IPUIPlugin:74 - create IPUIPlugin
2025-10-30 14:27:42,343 [INFO] PluginManager:213 - loadIPPluginJar : add freertos
2025-10-30 14:27:42,385 [INFO] IPUIPlugin:74 - create IPUIPlugin
2025-10-30 14:27:42,385 [INFO] PluginManager:213 - loadIPPluginJar : add genericplugin
2025-10-30 14:27:42,537 [INFO] IPUIPlugin:74 - create IPUIPlugin
2025-10-30 14:27:42,537 [INFO] PluginManager:213 - loadIPPluginJar : add gfxmmu
2025-10-30 14:27:42,682 [INFO] IPUIPlugin:74 - create IPUIPlugin
2025-10-30 14:27:42,682 [INFO] PluginManager:213 - loadIPPluginJar : add gic
2025-10-30 14:27:42,694 [INFO] IPUIPlugin:74 - create IPUIPlugin
2025-10-30 14:27:42,694 [INFO] PluginManager:213 - loadIPPluginJar : add gpio
2025-10-30 14:27:42,779 [INFO] IPUIPlugin:74 - create IPUIPlugin
2025-10-30 14:27:42,779 [INFO] PluginManager:213 - loadIPPluginJar : add gtzc
2025-10-30 14:27:42,822 [INFO] IPUIPlugin:74 - create IPUIPlugin
2025-10-30 14:27:42,822 [INFO] PluginManager:213 - loadIPPluginJar : add hash
2025-10-30 14:27:42,890 [INFO] IPUIPlugin:74 - create IPUIPlugin
2025-10-30 14:27:42,890 [INFO] PluginManager:213 - loadIPPluginJar : add i2c
2025-10-30 14:27:42,949 [INFO] IPUIPlugin:74 - create IPUIPlugin
2025-10-30 14:27:42,949 [INFO] PluginManager:213 - loadIPPluginJar : add i2s
2025-10-30 14:27:42,961 [INFO] IPUIPlugin:74 - create IPUIPlugin
2025-10-30 14:27:42,961 [INFO] PluginManager:213 - loadIPPluginJar : add ipddr
2025-10-30 14:27:43,077 [INFO] IPUIPlugin:74 - create IPUIPlugin
2025-10-30 14:27:43,077 [INFO] PluginManager:213 - loadIPPluginJar : add linkedlist
2025-10-30 14:27:43,131 [INFO] IPUIPlugin:74 - create IPUIPlugin
2025-10-30 14:27:43,131 [INFO] PluginManager:213 - loadIPPluginJar : add lorawan
2025-10-30 14:27:43,185 [INFO] IPUIPlugin:74 - create IPUIPlugin
2025-10-30 14:27:43,185 [INFO] PluginManager:213 - loadIPPluginJar : add ltdc
2025-10-30 14:27:43,197 [INFO] IPUIPlugin:74 - create IPUIPlugin
2025-10-30 14:27:43,197 [INFO] PluginManager:213 - loadIPPluginJar : add mdma
2025-10-30 14:27:43,209 [INFO] IPUIPlugin:74 - create IPUIPlugin
2025-10-30 14:27:43,215 [INFO] PluginManager:213 - loadIPPluginJar : add nvic
2025-10-30 14:27:43,264 [INFO] IPUIPlugin:74 - create IPUIPlugin
2025-10-30 14:27:43,264 [INFO] PluginManager:213 - loadIPPluginJar : add opamp
2025-10-30 14:27:43,343 [INFO] IPUIPlugin:74 - create IPUIPlugin
2025-10-30 14:27:43,343 [INFO] PluginManager:213 - loadIPPluginJar : add openamp
2025-10-30 14:27:43,397 [INFO] IPUIPlugin:74 - create IPUIPlugin
2025-10-30 14:27:43,397 [INFO] PluginManager:213 - loadIPPluginJar : add pdm2pcm
2025-10-30 14:27:43,415 [INFO] IPUIPlugin:74 - create IPUIPlugin
2025-10-30 14:27:43,415 [INFO] PluginManager:213 - loadIPPluginJar : add plateformsettings
2025-10-30 14:27:43,458 [INFO] IPUIPlugin:74 - create IPUIPlugin
2025-10-30 14:27:43,458 [INFO] PluginManager:213 - loadIPPluginJar : add quadspi
2025-10-30 14:27:43,476 [INFO] IPUIPlugin:74 - create IPUIPlugin
2025-10-30 14:27:43,476 [INFO] PluginManager:213 - loadIPPluginJar : add resmgrutility
2025-10-30 14:27:43,536 [INFO] IPUIPlugin:74 - create IPUIPlugin
2025-10-30 14:27:43,536 [INFO] PluginManager:213 - loadIPPluginJar : add sai
2025-10-30 14:27:43,585 [INFO] IPUIPlugin:74 - create IPUIPlugin
2025-10-30 14:27:43,585 [INFO] PluginManager:213 - loadIPPluginJar : add spi
2025-10-30 14:27:43,658 [INFO] IPUIPlugin:74 - create IPUIPlugin
2025-10-30 14:27:43,658 [INFO] PluginManager:213 - loadIPPluginJar : add stm32_wpan
2025-10-30 14:27:43,700 [INFO] IPUIPlugin:74 - create IPUIPlugin
2025-10-30 14:27:43,700 [INFO] PluginManager:213 - loadIPPluginJar : add tim
2025-10-30 14:27:43,825 [INFO] IPUIPlugin:74 - create IPUIPlugin
2025-10-30 14:27:43,825 [INFO] PluginManager:213 - loadIPPluginJar : add touchsensing
2025-10-30 14:27:43,889 [INFO] IPUIPlugin:74 - create IPUIPlugin
2025-10-30 14:27:43,890 [INFO] PluginManager:213 - loadIPPluginJar : add tracer_emb
2025-10-30 14:27:43,958 [INFO] IPUIPlugin:74 - create IPUIPlugin
2025-10-30 14:27:43,958 [INFO] PluginManager:213 - loadIPPluginJar : add ts
2025-10-30 14:27:44,023 [INFO] IPUIPlugin:74 - create IPUIPlugin
2025-10-30 14:27:44,023 [INFO] PluginManager:213 - loadIPPluginJar : add tsc
2025-10-30 14:27:44,085 [INFO] IPUIPlugin:74 - create IPUIPlugin
2025-10-30 14:27:44,085 [INFO] PluginManager:213 - loadIPPluginJar : add ucpd
2025-10-30 14:27:44,181 [INFO] IPUIPlugin:74 - create IPUIPlugin
2025-10-30 14:27:44,181 [INFO] PluginManager:213 - loadIPPluginJar : add usart
2025-10-30 14:27:44,250 [INFO] IPUIPlugin:74 - create IPUIPlugin
2025-10-30 14:27:44,251 [INFO] PluginManager:213 - loadIPPluginJar : add usbx
2025-10-30 14:27:44,338 [INFO] ThirdPartyUpdaterWithRetryManager:66 - Updater plugin not ready yet. [2/15]
2025-10-30 14:27:44,518 [FATAL] Updater:294 - Updater called before beeing initialized
2025-10-30 14:27:44,607 [FATAL] Updater:294 - Updater called before beeing initialized
2025-10-30 14:27:44,617 [INFO] DbMcusAds:47 - JSON generation date=Tue Jul 08 15:14:23 ICT 2025 (1751962463524)
2025-10-30 14:27:44,617 [FATAL] Updater:294 - Updater called before beeing initialized
2025-10-30 14:27:44,645 [WARN] DetailPanel:314 - Failed to get advertising image, set to default
2025-10-30 14:27:44,703 [FATAL] Updater:294 - Updater called before beeing initialized
2025-10-30 14:27:44,704 [FATAL] Updater:294 - Updater called before beeing initialized
2025-10-30 14:27:44,705 [FATAL] Updater:294 - Updater called before beeing initialized
2025-10-30 14:27:44,705 [WARN] DetailPanel:314 - Failed to get advertising image, set to default
2025-10-30 14:27:44,706 [FATAL] Updater:294 - Updater called before beeing initialized
2025-10-30 14:27:44,769 [ERROR] Updater:1075 - MainUpdater not yet initialized. External WinMGr cannot be set.
2025-10-30 14:27:44,780 [INFO] Updater:1012 - Updater Version found : 6.3.0
2025-10-30 14:27:44,795 [INFO] ApplicationProperties:181 - Using Application install path: C:\Users\Thanh Phong\STM32CubeIDE_1.7.0\STM32CubeIDE\plugins\com.st.stm32cube.common.mx_6.3.0.202107141111
2025-10-30 14:27:45,094 [INFO] MainUpdater:2671 - connection check result : 10
2025-10-30 14:27:45,094 [INFO] MainUpdater:265 - Updater Check For Update Now.
2025-10-30 14:27:45,095 [INFO] MicroXplorer:478 - Change Database Version : DB.6.0.30
2025-10-30 14:27:45,294 [INFO] CheckServerUpdateThread:112 - End of CheckServer Thread
2025-10-30 14:27:45,318 [INFO] MainUpdater:2671 - connection check result : 10
2025-10-30 14:27:45,325 [INFO] MainUpdater:2671 - connection check result : 10
2025-10-30 14:27:45,664 [INFO] MicroXplorer:448 - Change Database Path : 
2025-10-30 14:27:45,664 [INFO] MicroXplorer:478 - Change Database Version : DB.6.0.30
2025-10-30 14:27:45,664 [WARN] ThirdParty:813 - waiting for thirdparty lock release [close project]
2025-10-30 14:27:47,482 [ERROR] Engine:463 - C:\Users\Thanh Phong\.stm32cubemx\thirdparties\pdsc\STMicroelectronics.FP-SNS-MOTENVWB1.1.4.0.pdsc: PDSC version is not supported
2025-10-30 14:27:47,506 [WARN] PackLoader:238 - Cannot read IP mode file for STMicroelectronics.FP-ATR-ASTRA1.2.0.2
2025-10-30 14:27:47,522 [ERROR] Engine:463 - C:\Users\Thanh Phong\.stm32cubemx\thirdparties\pdsc\STMicroelectronics.X-CUBE-SMBUS.2.1.0.pdsc: PDSC version is not supported
2025-10-30 14:27:47,530 [ERROR] Engine:463 - C:\Users\Thanh Phong\.stm32cubemx\thirdparties\pdsc\STMicroelectronics.X-CUBE-ST60.1.0.0.pdsc: PDSC version is not supported
2025-10-30 14:27:47,561 [WARN] PackLoader:238 - Cannot read IP mode file for STMicroelectronics.X-CUBE-AZRTOS-F7.1.1.0
2025-10-30 14:27:47,579 [ERROR] Engine:463 - C:\Users\Thanh Phong\.stm32cubemx\thirdparties\pdsc\STMicroelectronics.FP-SNS-MOTENV1.5.1.0.pdsc: PDSC version is not supported
2025-10-30 14:27:47,591 [ERROR] Engine:463 - C:\Users\Thanh Phong\.stm32cubemx\thirdparties\pdsc\WES.I-CUBE-Cesium.1.4.0.pdsc: PDSC version is not supported
2025-10-30 14:27:47,603 [ERROR] Engine:463 - C:\Users\Thanh Phong\.stm32cubemx\thirdparties\pdsc\Infineon.AIROC-Wi-Fi-Bluetooth-STM32.1.7.1.pdsc: PDSC version is not supported
2025-10-30 14:27:47,633 [WARN] PackLoader:238 - Cannot read IP mode file for STMicroelectronics.X-CUBE-AZRTOS-H7.3.4.0
2025-10-30 14:27:47,645 [ERROR] Engine:463 - C:\Users\Thanh Phong\.stm32cubemx\thirdparties\pdsc\STMicroelectronics.X-CUBE-DISPLAY.3.0.0.pdsc: PDSC version is not supported
2025-10-30 14:27:47,658 [WARN] PackLoader:238 - Cannot read IP mode file for STMicroelectronics.X-CUBE-NFC10.1.0.0
2025-10-30 14:27:47,670 [ERROR] Engine:463 - C:\Users\Thanh Phong\.stm32cubemx\thirdparties\pdsc\STMicroelectronics.X-CUBE-ST60.1.1.0.pdsc: PDSC version is not supported
2025-10-30 14:27:47,682 [ERROR] Engine:463 - C:\Users\Thanh Phong\.stm32cubemx\thirdparties\pdsc\emotas.I-CUBE-CANOPEN.1.3.0.pdsc: PDSC version is not supported
2025-10-30 14:27:47,688 [ERROR] Engine:463 - C:\Users\Thanh Phong\.stm32cubemx\thirdparties\pdsc\STMicroelectronics.FP-SNS-STBOX1.2.1.0.pdsc: PDSC version is not supported
2025-10-30 14:27:47,701 [ERROR] Engine:463 - C:\Users\Thanh Phong\.stm32cubemx\thirdparties\pdsc\STMicroelectronics.FP-SNS-SMARTAG2.1.2.0.pdsc: PDSC version is not supported
2025-10-30 14:27:47,706 [ERROR] Engine:463 - C:\Users\Thanh Phong\.stm32cubemx\thirdparties\pdsc\STMicroelectronics.FP-SNS-FLIGHT1.5.1.0.pdsc: PDSC version is not supported
2025-10-30 14:27:47,724 [INFO] LogOutputStream:76 - [STDOUT_REDIRECT] 1 : Invalid condition id : UX_CORESTACK_Condition cause : null
2025-10-30 14:27:47,724 [INFO] LogOutputStream:76 - [STDOUT_REDIRECT] 1 : Invalid condition id : UX_CORESTACK_Condition cause : null
2025-10-30 14:27:47,724 [INFO] LogOutputStream:76 - [STDOUT_REDIRECT] 1 : Invalid condition id : UX_CORESTACK_Condition cause : null
2025-10-30 14:27:47,724 [INFO] LogOutputStream:76 - [STDOUT_REDIRECT] 1 : Invalid condition id : UX_CORESTACK_Condition cause : null
2025-10-30 14:27:47,724 [INFO] LogOutputStream:76 - [STDOUT_REDIRECT] 1 : Invalid condition id : UX_CORESTACK_Condition cause : null
2025-10-30 14:27:47,730 [WARN] PackLoader:238 - Cannot read IP mode file for STMicroelectronics.X-CUBE-AZRTOS-WL.2.0.0
2025-10-30 14:27:47,736 [ERROR] Engine:463 - C:\Users\Thanh Phong\.stm32cubemx\thirdparties\pdsc\STMicroelectronics.FP-SNS-MOTENV1.5.0.0.pdsc: PDSC version is not supported
2025-10-30 14:27:47,759 [WARN] PackLoader:238 - Cannot read IP mode file for STMicroelectronics.X-CUBE-BLE2.3.3.0
2025-10-30 14:27:47,766 [WARN] PackLoader:238 - Cannot read IP mode file for STMicroelectronics.X-CUBE-NFC9.1.0.0
2025-10-30 14:27:47,781 [WARN] PackLoader:238 - Cannot read IP mode file for wolfSSL.I-CUBE-wolfSSL.5.8.2
2025-10-30 14:27:47,791 [WARN] PackLoader:238 - Cannot read IP mode file for STMicroelectronics.X-CUBE-BLE1.7.1.0
2025-10-30 14:27:47,803 [WARN] PackLoader:238 - Cannot read IP mode file for wolfSSL.I-CUBE-wolfMQTT.1.19.2
2025-10-30 14:27:47,823 [WARN] PackLoader:238 - Cannot read IP mode file for STMicroelectronics.X-CUBE-EEPRMA1.5.2.0
2025-10-30 14:27:47,833 [ERROR] Engine:463 - C:\Users\Thanh Phong\.stm32cubemx\thirdparties\pdsc\STMicroelectronics.X-CUBE-ST67W61.1.1.0.pdsc: PDSC version is not supported
2025-10-30 14:27:47,858 [WARN] PackLoader:238 - Cannot read IP mode file for STMicroelectronics.X-CUBE-AZRTOS-G0.1.1.0
2025-10-30 14:27:47,876 [WARN] PackLoader:238 - Cannot read IP mode file for STMicroelectronics.X-CUBE-SAFEA1.1.2.2
2025-10-30 14:27:47,888 [WARN] PackLoader:238 - Cannot read IP mode file for STMicroelectronics.X-CUBE-NFC4.3.0.0
2025-10-30 14:27:47,900 [ERROR] Engine:463 - C:\Users\Thanh Phong\.stm32cubemx\thirdparties\pdsc\EmbeddedOffice.I-CUBE-FS-RTOS.1.0.1.pdsc: PDSC version is not supported
2025-10-30 14:27:47,906 [WARN] PackLoader:238 - Cannot read IP mode file for STMicroelectronics.X-CUBE-WB05N.2.0.0
2025-10-30 14:27:47,918 [WARN] PackLoader:238 - Cannot read IP mode file for wolfSSL.I-CUBE-wolfTPM.3.8.0
2025-10-30 14:27:47,930 [ERROR] Engine:463 - C:\Users\Thanh Phong\.stm32cubemx\thirdparties\pdsc\STMicroelectronics.X-CUBE-TCPP.4.2.0.pdsc: PDSC version is not supported
2025-10-30 14:27:47,942 [ERROR] Engine:463 - C:\Users\Thanh Phong\.stm32cubemx\thirdparties\pdsc\RealThread.X-CUBE-RT-Thread_Nano.4.1.1.pdsc: PDSC version is not supported
2025-10-30 14:27:47,948 [WARN] PackLoader:238 - Cannot read IP mode file for STMicroelectronics.FP-ATR-SIGFOX1.3.2.0
2025-10-30 14:27:47,960 [ERROR] Engine:463 - C:\Users\Thanh Phong\.stm32cubemx\thirdparties\pdsc\ITTIA_DB.I-CUBE-ITTIADB.8.9.0.pdsc: PDSC version is not supported
2025-10-30 14:27:47,973 [ERROR] Engine:463 - C:\Users\Thanh Phong\.stm32cubemx\thirdparties\pdsc\STMicroelectronics.X-CUBE-ST67W61.1.0.0.pdsc: PDSC version is not supported
2025-10-30 14:27:47,985 [WARN] PackLoader:238 - Cannot read IP mode file for STMicroelectronics.X-CUBE-AI.10.2.0
2025-10-30 14:27:48,009 [WARN] PackLoader:238 - Cannot read IP mode file for SEGGER.I-CUBE-embOS.1.3.1
2025-10-30 14:27:48,052 [WARN] PackLoader:238 - Cannot read IP mode file for STMicroelectronics.X-CUBE-ALGOBUILD.1.4.0
2025-10-30 14:27:48,094 [WARN] PackLoader:238 - Cannot read IP mode file for STMicroelectronics.X-CUBE-MEMS1.11.3.0
2025-10-30 14:27:48,221 [WARN] PackLoader:238 - Cannot read IP mode file for STMicroelectronics.X-CUBE-PM33A1.1.0.0
2025-10-30 14:27:48,246 [WARN] PackLoader:238 - Cannot read IP mode file for STMicroelectronics.X-CUBE-AZRTOS-F4.1.1.0
2025-10-30 14:27:48,257 [ERROR] Engine:463 - C:\Users\Thanh Phong\.stm32cubemx\thirdparties\pdsc\Avnet-IotConnect.X-CUBE-IoTC-DA16k-PMOD.1.0.0.pdsc: PDSC version is not supported
2025-10-30 14:27:48,270 [WARN] PackLoader:238 - Cannot read IP mode file for STMicroelectronics.X-CUBE-ISPU.2.1.0
2025-10-30 14:27:48,282 [ERROR] Engine:463 - C:\Users\Thanh Phong\.stm32cubemx\thirdparties\pdsc\STMicroelectronics.X-CUBE-IPS.3.2.0.pdsc: PDSC version is not supported
2025-10-30 14:27:48,296 [WARN] PackLoader:238 - Cannot read IP mode file for STMicroelectronics.X-CUBE-NFC12.1.0.0
2025-10-30 14:27:48,318 [WARN] PackLoader:238 - Cannot read IP mode file for STMicroelectronics.X-CUBE-AZRTOS-L5.2.0.0
2025-10-30 14:27:48,338 [WARN] PackLoader:238 - Cannot read IP mode file for STMicroelectronics.X-CUBE-NFC6.3.1.0
2025-10-30 14:27:48,355 [ERROR] Engine:463 - C:\Users\Thanh Phong\.stm32cubemx\thirdparties\pdsc\STMicroelectronics.X-CUBE-FREERTOS.1.3.1.pdsc: PDSC version is not supported
2025-10-30 14:27:48,371 [WARN] PackLoader:238 - Cannot read IP mode file for STMicroelectronics.X-CUBE-TOUCHGFX.4.26.0
2025-10-30 14:27:48,385 [ERROR] Engine:463 - C:\Users\Thanh Phong\.stm32cubemx\thirdparties\pdsc\STMicroelectronics.FP-SNS-STAIOTCFT.1.0.0.pdsc: PDSC version is not supported
2025-10-30 14:27:48,403 [ERROR] Engine:463 - C:\Users\Thanh Phong\.stm32cubemx\thirdparties\pdsc\STMicroelectronics.X-CUBE-DPower.1.3.0.pdsc: PDSC version is not supported
2025-10-30 14:27:48,440 [WARN] ConditionMgr:437 - getConditionDescription Invalid condition id : LAN8742 Phy interface Condition cause : null
2025-10-30 14:27:48,446 [WARN] PackLoader:238 - Cannot read IP mode file for STMicroelectronics.X-CUBE-AZRTOS-L4.2.0.0
2025-10-30 14:27:48,446 [WARN] ConditionMgr:1038 - genDependencies : Invalid condition id : LAN8742 Phy interface Condition cause : null
2025-10-30 14:27:48,446 [WARN] ConditionMgr:1038 - genDependencies : Invalid condition id : LAN8742 Phy interface Condition cause : null
2025-10-30 14:27:48,446 [WARN] ConditionMgr:1038 - genDependencies : Invalid condition id : LAN8742 Phy interface Condition cause : null
2025-10-30 14:27:48,464 [WARN] PackLoader:238 - Cannot read IP mode file for STMicroelectronics.X-CUBE-SFXS2LP1.4.0.0
2025-10-30 14:27:48,483 [ERROR] Engine:463 - C:\Users\Thanh Phong\.stm32cubemx\thirdparties\pdsc\STMicroelectronics.X-CUBE-BLEMGR.4.1.0.pdsc: PDSC version is not supported
2025-10-30 14:27:48,518 [WARN] ConditionMgr:437 - getConditionDescription Invalid condition id : UX DEVICE CLASS RTOS Condition cause : null
2025-10-30 14:27:48,518 [WARN] ConditionMgr:437 - getConditionDescription Invalid condition id : UX DEVICE CLASS RTOS Condition cause : null
2025-10-30 14:27:48,518 [WARN] PackLoader:238 - Cannot read IP mode file for STMicroelectronics.X-CUBE-AZRTOS-WB.2.0.0
2025-10-30 14:27:48,518 [WARN] ConditionMgr:1038 - genDependencies : Invalid condition id : UX DEVICE CLASS RTOS Condition cause : null
2025-10-30 14:27:48,518 [WARN] ConditionMgr:1038 - genDependencies : Invalid condition id : UX DEVICE CLASS RTOS Condition cause : null
2025-10-30 14:27:48,518 [WARN] ConditionMgr:1038 - genDependencies : Invalid condition id : UX DEVICE CLASS RTOS Condition cause : null
2025-10-30 14:27:48,518 [WARN] ConditionMgr:1038 - genDependencies : Invalid condition id : UX DEVICE CLASS RTOS Condition cause : null
2025-10-30 14:27:48,518 [WARN] ConditionMgr:1038 - genDependencies : Invalid condition id : UX DEVICE CLASS RTOS Condition cause : null
2025-10-30 14:27:48,536 [WARN] PackLoader:238 - Cannot read IP mode file for STMicroelectronics.X-CUBE-GNSS1.7.0.1
2025-10-30 14:27:48,549 [WARN] PackLoader:238 - Cannot read IP mode file for STMicroelectronics.X-CUBE-TOUCHGFX.4.25.0
2025-10-30 14:27:48,561 [ERROR] Engine:463 - C:\Users\Thanh Phong\.stm32cubemx\thirdparties\pdsc\quantropi.X-CUBE-qispace-sdk-base.2.1.0.pdsc: PDSC version is not supported
2025-10-30 14:27:48,579 [WARN] PackLoader:238 - Cannot read IP mode file for STMicroelectronics.X-CUBE-SUBG2.5.0.0
2025-10-30 14:27:48,616 [WARN] PackLoader:238 - Cannot read IP mode file for STMicroelectronics.X-CUBE-AZRTOS-H7RS.1.1.0
2025-10-30 14:27:48,633 [ERROR] Engine:463 - C:\Users\Thanh Phong\.stm32cubemx\thirdparties\pdsc\Cesanta.I-CUBE-Mongoose.7.13.0.pdsc: PDSC version is not supported
2025-10-30 14:27:48,671 [WARN] PackLoader:238 - Cannot read IP mode file for STMicroelectronics.X-CUBE-AZRTOS-G4.2.0.0
2025-10-30 14:27:48,688 [WARN] PackLoader:238 - Cannot read IP mode file for wolfSSL.I-CUBE-wolfSSH.1.4.20
2025-10-30 14:27:48,712 [WARN] PackLoader:238 - Cannot read IP mode file for STMicroelectronics.X-CUBE-NFC7.2.0.0
2025-10-30 14:27:48,731 [ERROR] Engine:463 - C:\Users\Thanh Phong\.stm32cubemx\thirdparties\pdsc\STMicroelectronics.X-CUBE-IPS.3.1.0.pdsc: PDSC version is not supported
2025-10-30 14:27:48,743 [ERROR] Engine:463 - C:\Users\Thanh Phong\.stm32cubemx\thirdparties\pdsc\STMicroelectronics.X-CUBE-ALS.1.0.2.pdsc: PDSC version is not supported
2025-10-30 14:27:48,766 [WARN] PackLoader:238 - Cannot read IP mode file for STMicroelectronics.X-CUBE-STSE01.1.0.0
2025-10-30 14:27:48,785 [ERROR] Engine:463 - C:\Users\Thanh Phong\.stm32cubemx\thirdparties\pdsc\STMicroelectronics.X-CUBE-TOF1.3.4.3.pdsc: PDSC version is not supported
2025-10-30 14:27:48,785 [INFO] ThirdParty:915 - Integrity check success = true
2025-10-30 14:27:48,785 [INFO] IntegrityCheckThread:94 - exiting critical section [integrity check]
2025-10-30 14:27:48,785 [INFO] IntegrityCheckThread:97 - End integrity checks thread
2025-10-30 14:27:48,785 [INFO] ThirdParty:815 - entering critical section [close project]
2025-10-30 14:27:48,791 [INFO] ThirdParty:825 - exiting critical section [close project]
2025-10-30 14:27:48,791 [INFO] PinOutPanel:1463 - setPackage(No Configuration,No Configuration)
2025-10-30 14:27:48,791 [INFO] UtilMem:74 - Begin LoadConfig() Used Memory: 149539536 Bytes (268435456)
2025-10-30 14:27:48,797 [INFO] MicroXplorer:448 - Change Database Path : 
2025-10-30 14:27:48,797 [INFO] MicroXplorer:478 - Change Database Version : DB.6.0.30
2025-10-30 14:27:48,797 [INFO] OpenFileManager:313 - Change cursor
2025-10-30 14:27:49,800 [INFO] Context:592 - Trying to add GPIOservice into a context  which must be forbidden
2025-10-30 14:27:50,082 [WARN] ApiManager:304 - Cannot register API 'Board Extension:PM33A1' from pack STMicroelectronics.X-CUBE-PM33A1.1.0.0: no header file found
2025-10-30 14:27:50,082 [WARN] ApiManager:304 - Cannot register API 'Board Extension:NFC09A1' from pack STMicroelectronics.X-CUBE-NFC9.1.0.0: no header file found
2025-10-30 14:27:50,087 [WARN] ApiManager:304 - Cannot register API 'Wireless:BlueNRG-MS' from pack STMicroelectronics.X-CUBE-BLE1.7.1.0: no header file found
2025-10-30 14:27:50,088 [WARN] ApiManager:304 - Cannot register API 'Board Extension:EEPRMA2' from pack STMicroelectronics.X-CUBE-EEPRMA1.5.2.0: no header file found
2025-10-30 14:27:50,088 [WARN] ApiManager:304 - Cannot register API 'Board Extension:PGEEZ1' from pack STMicroelectronics.X-CUBE-EEPRMA1.5.2.0: no header file found
2025-10-30 14:27:50,088 [WARN] ApiManager:304 - Cannot register API 'Board Extension:EEICA1' from pack STMicroelectronics.X-CUBE-EEPRMA1.5.2.0: no header file found
2025-10-30 14:27:50,088 [WARN] ApiManager:304 - Cannot register API 'Board Part:M24' from pack STMicroelectronics.X-CUBE-EEPRMA1.5.2.0: no header file found
2025-10-30 14:27:50,088 [WARN] ApiManager:304 - Cannot register API 'Board Part:M95' from pack STMicroelectronics.X-CUBE-EEPRMA1.5.2.0: no header file found
2025-10-30 14:27:50,088 [WARN] ApiManager:304 - Cannot register API 'Board Part:M95P32' from pack STMicroelectronics.X-CUBE-EEPRMA1.5.2.0: no header file found
2025-10-30 14:27:50,088 [WARN] ApiManager:304 - Cannot register API 'Board Part:M24256E-F' from pack STMicroelectronics.X-CUBE-EEPRMA1.5.2.0: no header file found
2025-10-30 14:27:50,088 [WARN] ApiManager:304 - Cannot register API 'Board Part:M24M01E-F' from pack STMicroelectronics.X-CUBE-EEPRMA1.5.2.0: no header file found
2025-10-30 14:27:50,088 [WARN] ApiManager:304 - Cannot register API 'PGEEZ1:SPI' from pack STMicroelectronics.X-CUBE-EEPRMA1.5.2.0: no header file found
2025-10-30 14:27:50,088 [WARN] ApiManager:304 - Cannot register API 'PGEEZ1:QDSPI' from pack STMicroelectronics.X-CUBE-EEPRMA1.5.2.0: no header file found
2025-10-30 14:27:50,090 [WARN] ApiManager:304 - Cannot register API 'Board Extension:GNSS1A1' from pack STMicroelectronics.X-CUBE-GNSS1.7.0.1: no header file found
2025-10-30 14:27:50,090 [WARN] ApiManager:304 - Cannot register API 'Board Support:Custom' from pack STMicroelectronics.X-CUBE-GNSS1.7.0.1: no header file found
2025-10-30 14:27:50,090 [WARN] ApiManager:304 - Cannot register API 'Data Exchange:lib_gnss' from pack STMicroelectronics.X-CUBE-GNSS1.7.0.1: no header file found
2025-10-30 14:27:50,090 [WARN] ApiManager:304 - Cannot register API 'Board Extension:NFC12A1' from pack STMicroelectronics.X-CUBE-NFC12.1.0.0: no header file found
2025-10-30 14:27:50,100 [WARN] ApiManager:304 - Cannot register API 'Board Extension:NFC06A1' from pack STMicroelectronics.X-CUBE-NFC6.3.1.0: no header file found
2025-10-30 14:27:50,100 [WARN] ApiManager:304 - Cannot register API 'Board Extension:NFC08A1' from pack STMicroelectronics.X-CUBE-NFC6.3.1.0: no header file found
2025-10-30 14:27:50,100 [INFO] RtosManager:484 - Registered RTOS mode: class=CMSIS, group=RTOS, mode=CMSIS_V1, owner=FREERTOS
2025-10-30 14:27:50,100 [INFO] RtosManager:484 - Registered RTOS mode: class=CMSIS, group=RTOS2, mode=CMSIS_V2, owner=FREERTOS
2025-10-30 14:27:50,100 [INFO] RtosManager:484 - Registered RTOS mode: class=RTOS, group=Core, mode=CMSIS_V1, owner=FREERTOS
2025-10-30 14:27:50,100 [INFO] RtosManager:484 - Registered RTOS mode: class=RTOS, group=Core, mode=CMSIS_V2, owner=FREERTOS
2025-10-30 14:27:50,100 [WARN] ModelIntegratedComponent:181 - Missing modes for component STMicroelectronics:FreeRTOS:0.0.1:STMicroelectronics:RTOS:FreeRTOS:Core:::10.2.0:
2025-10-30 14:27:50,106 [WARN] ApiManager:304 - Cannot register API 'Board Extension:STSAFEA1' from pack STMicroelectronics.X-CUBE-SAFEA1.1.2.2: no header file found
2025-10-30 14:27:50,106 [WARN] ApiManager:304 - Cannot register API 'Board Part:STSAFEA110' from pack STMicroelectronics.X-CUBE-SAFEA1.1.2.2: no header file found
2025-10-30 14:27:50,106 [WARN] ApiManager:304 - Cannot register API 'Security:ST_Cryptolib' from pack STMicroelectronics.X-CUBE-SAFEA1.1.2.2: no header file found
2025-10-30 14:27:50,106 [WARN] ApiManager:304 - Cannot register API 'Security:MbedTLS' from pack STMicroelectronics.X-CUBE-SAFEA1.1.2.2: no header file found
2025-10-30 14:27:50,106 [WARN] ApiManager:304 - Cannot register API 'Board Extension:NFC04A1' from pack STMicroelectronics.X-CUBE-NFC4.3.0.0: no header file found
2025-10-30 14:27:50,106 [WARN] ApiManager:304 - Cannot register API 'Board Extension:S2868A1' from pack STMicroelectronics.X-CUBE-SUBG2.5.0.0: no header file found
2025-10-30 14:27:50,106 [WARN] ApiManager:304 - Cannot register API 'Board Extension:S2868A2' from pack STMicroelectronics.X-CUBE-SUBG2.5.0.0: no header file found
2025-10-30 14:27:50,106 [WARN] ApiManager:304 - Cannot register API 'Board Extension:S2915A1' from pack STMicroelectronics.X-CUBE-SUBG2.5.0.0: no header file found
2025-10-30 14:27:50,112 [WARN] ApiManager:304 - Cannot register API 'Wireless:STM32WB05N' from pack STMicroelectronics.X-CUBE-WB05N.2.0.0: no header file found
2025-10-30 14:27:50,118 [WARN] ApiManager:304 - Cannot register API 'Board Extension:NFC07A1' from pack STMicroelectronics.X-CUBE-NFC7.2.0.0: no header file found
2025-10-30 14:27:50,118 [WARN] ApiManager:304 - Cannot register API 'Board Extension:NFC10A1' from pack STMicroelectronics.X-CUBE-NFC10.1.0.0: no header file found
2025-10-30 14:27:50,118 [WARN] ModelIntegratedComponent:60 - No mode defined for component null
2025-10-30 14:27:50,118 [WARN] ModelIntegratedComponent:60 - No mode defined for component null
2025-10-30 14:27:50,118 [WARN] ModelIntegratedComponent:60 - No mode defined for component null
2025-10-30 14:27:50,124 [WARN] ModelIntegratedComponent:60 - No mode defined for component null
2025-10-30 14:27:50,124 [WARN] ModelIntegratedComponent:60 - No mode defined for component null
2025-10-30 14:27:50,124 [WARN] ModelIntegratedComponent:60 - No mode defined for component null
2025-10-30 14:27:50,124 [WARN] ModelIntegratedComponent:60 - No mode defined for component null
2025-10-30 14:27:50,124 [WARN] ModelIntegratedComponent:60 - No mode defined for component null
2025-10-30 14:27:50,124 [WARN] ModelIntegratedComponent:60 - No mode defined for component null
2025-10-30 14:27:50,124 [WARN] ModelIntegratedComponent:60 - No mode defined for component null
2025-10-30 14:27:50,124 [WARN] ModelIntegratedComponent:60 - No mode defined for component null
2025-10-30 14:27:50,124 [WARN] ModelIntegratedComponent:60 - No mode defined for component null
2025-10-30 14:27:50,124 [WARN] ModelIntegratedComponent:60 - No mode defined for component null
2025-10-30 14:27:50,124 [WARN] ModelIntegratedComponent:60 - No mode defined for component null
2025-10-30 14:27:50,124 [WARN] ModelIntegratedComponent:60 - No mode defined for component null
2025-10-30 14:27:50,124 [WARN] ModelIntegratedComponent:60 - No mode defined for component null
2025-10-30 14:27:50,124 [WARN] ModelIntegratedComponent:60 - No mode defined for component null
2025-10-30 14:27:50,124 [WARN] ModelIntegratedComponent:60 - No mode defined for component null
2025-10-30 14:27:50,124 [WARN] ModelIntegratedComponent:60 - No mode defined for component null
2025-10-30 14:27:50,124 [WARN] ModelIntegratedComponent:60 - No mode defined for component null
2025-10-30 14:27:50,124 [WARN] ModelIntegratedComponent:60 - No mode defined for component null
2025-10-30 14:27:50,124 [WARN] ModelIntegratedComponent:60 - No mode defined for component null
2025-10-30 14:27:50,124 [WARN] ModelIntegratedComponent:60 - No mode defined for component null
2025-10-30 14:27:50,124 [WARN] ModelIntegratedComponent:60 - No mode defined for component null
2025-10-30 14:27:50,124 [WARN] ModelIntegratedComponent:60 - No mode defined for component null
2025-10-30 14:27:50,124 [WARN] ModelIntegratedComponent:60 - No mode defined for component null
2025-10-30 14:27:50,124 [WARN] ModelIntegratedComponent:60 - No mode defined for component null
2025-10-30 14:27:50,124 [WARN] ModelIntegratedComponent:60 - No mode defined for component null
2025-10-30 14:27:50,124 [WARN] ModelIntegratedComponent:60 - No mode defined for component null
2025-10-30 14:27:50,124 [WARN] ModelIntegratedComponent:60 - No mode defined for component null
2025-10-30 14:27:50,124 [WARN] ModelIntegratedComponent:60 - No mode defined for component null
2025-10-30 14:27:50,124 [WARN] ApiManager:304 - Cannot register API 'Board Extension:SAFEA1' from pack STMicroelectronics.X-CUBE-STSE01.1.0.0: no header file found
2025-10-30 14:27:50,124 [WARN] ApiManager:304 - Cannot register API 'Board Extension:ESE01A1' from pack STMicroelectronics.X-CUBE-STSE01.1.0.0: no header file found
2025-10-30 14:27:50,124 [WARN] ApiManager:304 - Cannot register API 'Board Part:STSAFEA110' from pack STMicroelectronics.X-CUBE-STSE01.1.0.0: no header file found
2025-10-30 14:27:50,124 [WARN] ApiManager:304 - Cannot register API 'Board Part:STSAFEA120' from pack STMicroelectronics.X-CUBE-STSE01.1.0.0: no header file found
2025-10-30 14:27:50,124 [WARN] ApiManager:304 - Cannot register API 'Security:STM32_Cryptographic' from pack STMicroelectronics.X-CUBE-STSE01.1.0.0: no header file found
2025-10-30 14:27:50,124 [WARN] ApiManager:304 - Cannot register API 'Security:STSELib' from pack STMicroelectronics.X-CUBE-STSE01.1.0.0: no header file found
2025-10-30 14:27:50,360 [WARN] ApiManager:304 - Cannot register API 'Board Extension:IKS01A3' from pack STMicroelectronics.X-CUBE-MEMS1.11.3.0: no header file found
2025-10-30 14:27:50,360 [WARN] ApiManager:304 - Cannot register API 'Board Extension:IKS02A1' from pack STMicroelectronics.X-CUBE-MEMS1.11.3.0: no header file found
2025-10-30 14:27:50,360 [WARN] ApiManager:304 - Cannot register API 'Board Extension:IKS4A1' from pack STMicroelectronics.X-CUBE-MEMS1.11.3.0: no header file found
2025-10-30 14:27:50,372 [WARN] ApiManager:304 - Cannot register API 'Board Extension:S2868A1' from pack STMicroelectronics.X-CUBE-SFXS2LP1.4.0.0: no header file found
2025-10-30 14:27:50,372 [WARN] ApiManager:304 - Cannot register API 'Board Extension:S2868A2' from pack STMicroelectronics.X-CUBE-SFXS2LP1.4.0.0: no header file found
2025-10-30 14:27:50,372 [WARN] ApiManager:304 - Cannot register API 'Board Extension:S2915A1' from pack STMicroelectronics.X-CUBE-SFXS2LP1.4.0.0: no header file found
2025-10-30 14:27:50,379 [WARN] ApiManager:304 - Cannot register API 'Wireless:BlueNRG-2' from pack STMicroelectronics.X-CUBE-BLE2.3.3.0: no header file found
2025-10-30 14:27:52,469 [INFO] UtilMem:74 - End LoadConfig() Used Memory: 242144800 Bytes (341835776)
2025-10-30 14:27:52,469 [INFO] DbMcusXml:100 - Load MCU database from C:\Users\Thanh Phong\STM32CubeIDE_1.7.0\STM32CubeIDE\plugins\com.st.stm32cube.common.mx_6.3.0.202107141111\\db\/mcu/families.xml
2025-10-30 14:27:53,209 [INFO] DbMcusJson:93 - JSON generation date=Tue Nov 16 23:17:54 ICT 2021 (1637079474)
2025-10-30 14:27:53,954 [INFO] DbMcus:175 - Found 1951 MCUs (1903 are supported by CubeMX, 1914 are visible in CubeMX)
2025-10-30 14:27:53,960 [INFO] ApiDb:251 - Load user favorites file C:\Users\Thanh Phong/.stm32cubeide/favorites.mcus.txt: 0 item(s)
2025-10-30 14:27:53,960 [INFO] ApiDb:255 - User favorites MCUs=[]
2025-10-30 14:27:53,960 [INFO] DbMcus:187 - Set 0 / 0 favorites MCUs
2025-10-30 14:27:53,972 [WARN] ThirdParty:779 - waiting for thirdparty lock release [change project]
2025-10-30 14:27:53,972 [INFO] ThirdParty:781 - entering critical section [change project]
2025-10-30 14:27:53,972 [INFO] ThirdParty:967 - CMSIS Pack Vendor :STMicroelectronics X-CUBE-PM33A1 1.0.0
2025-10-30 14:27:53,972 [INFO] ThirdParty:967 - CMSIS Pack Vendor :STMicroelectronics X-CUBE-NFC9 1.0.0
2025-10-30 14:27:53,972 [INFO] ThirdParty:967 - CMSIS Pack Vendor :STMicroelectronics USB_HOST 2.0.0
2025-10-30 14:27:53,972 [INFO] ThirdParty:967 - CMSIS Pack Vendor :STMicroelectronics X-CUBE-AZRTOS-F4 1.1.0
2025-10-30 14:27:53,972 [INFO] ThirdParty:967 - CMSIS Pack Vendor :STMicroelectronics FP-ATR-ASTRA1 2.0.2
2025-10-30 14:27:53,972 [INFO] ThirdParty:967 - CMSIS Pack Vendor :wolfSSL I-CUBE-wolfSSL 5.8.2
2025-10-30 14:27:53,972 [INFO] ThirdParty:967 - CMSIS Pack Vendor :STMicroelectronics X-CUBE-BLE1 7.1.0
2025-10-30 14:27:53,972 [INFO] ThirdParty:967 - CMSIS Pack Vendor :wolfSSL I-CUBE-wolfMQTT 1.19.2
2025-10-30 14:27:53,972 [INFO] ThirdParty:967 - CMSIS Pack Vendor :STMicroelectronics USB_DEVICE 3.0.0
2025-10-30 14:27:53,972 [INFO] ThirdParty:967 - CMSIS Pack Vendor :STMicroelectronics X-CUBE-ISPU 2.1.0
2025-10-30 14:27:53,972 [INFO] ThirdParty:967 - CMSIS Pack Vendor :STMicroelectronics X-CUBE-EEPRMA1 5.2.0
2025-10-30 14:27:53,972 [INFO] ThirdParty:967 - CMSIS Pack Vendor :STMicroelectronics X-CUBE-AZRTOS-WB 2.0.0
2025-10-30 14:27:53,972 [INFO] ThirdParty:967 - CMSIS Pack Vendor :STMicroelectronics X-CUBE-GNSS1 7.0.1
2025-10-30 14:27:53,972 [INFO] ThirdParty:967 - CMSIS Pack Vendor :STMicroelectronics X-CUBE-NFC12 1.0.0
2025-10-30 14:27:53,972 [INFO] ThirdParty:967 - CMSIS Pack Vendor :STMicroelectronics X-CUBE-AZRTOS-F7 1.1.0
2025-10-30 14:27:53,972 [INFO] ThirdParty:967 - CMSIS Pack Vendor :STMicroelectronics X-CUBE-AZRTOS-L5 2.0.0
2025-10-30 14:27:53,972 [INFO] ThirdParty:967 - CMSIS Pack Vendor :STMicroelectronics X-CUBE-TOUCHGFX 4.25.0
2025-10-30 14:27:53,972 [INFO] ThirdParty:967 - CMSIS Pack Vendor :STMicroelectronics USB_DEVICE 2.0.0
2025-10-30 14:27:53,972 [INFO] ThirdParty:967 - CMSIS Pack Vendor :STMicroelectronics X-CUBE-NFC6 3.1.0
2025-10-30 14:27:53,972 [INFO] ThirdParty:967 - CMSIS Pack Vendor :STMicroelectronics FreeRTOS 0.0.1
2025-10-30 14:27:53,972 [INFO] ThirdParty:967 - CMSIS Pack Vendor :STMicroelectronics X-CUBE-AZRTOS-G0 1.1.0
2025-10-30 14:27:53,972 [INFO] ThirdParty:967 - CMSIS Pack Vendor :STMicroelectronics X-CUBE-SAFEA1 1.2.2
2025-10-30 14:27:53,972 [INFO] ThirdParty:967 - CMSIS Pack Vendor :STMicroelectronics X-CUBE-NFC4 3.0.0
2025-10-30 14:27:53,972 [INFO] ThirdParty:967 - CMSIS Pack Vendor :STMicroelectronics X-CUBE-SUBG2 5.0.0
2025-10-30 14:27:53,972 [INFO] ThirdParty:967 - CMSIS Pack Vendor :STMicroelectronics X-CUBE-AZRTOS-H7RS 1.1.0
2025-10-30 14:27:53,972 [INFO] ThirdParty:967 - CMSIS Pack Vendor :STMicroelectronics lwIP 2.0.3
2025-10-30 14:27:53,972 [INFO] ThirdParty:967 - CMSIS Pack Vendor :STMicroelectronics USB_HOST 1.0.0
2025-10-30 14:27:53,972 [INFO] ThirdParty:967 - CMSIS Pack Vendor :STMicroelectronics X-CUBE-AZRTOS-G4 2.0.0
2025-10-30 14:27:53,972 [INFO] ThirdParty:967 - CMSIS Pack Vendor :STMicroelectronics X-CUBE-WB05N 2.0.0
2025-10-30 14:27:53,972 [INFO] ThirdParty:967 - CMSIS Pack Vendor :STMicroelectronics PDM2PCM 3.1.0
2025-10-30 14:27:53,972 [INFO] ThirdParty:967 - CMSIS Pack Vendor :STMicroelectronics PDM2PCM 3.3.0
2025-10-30 14:27:53,972 [INFO] ThirdParty:967 - CMSIS Pack Vendor :wolfSSL I-CUBE-wolfTPM 3.8.0
2025-10-30 14:27:53,972 [INFO] ThirdParty:967 - CMSIS Pack Vendor :STMicroelectronics X-CUBE-AZRTOS-H7 3.4.0
2025-10-30 14:27:53,972 [INFO] ThirdParty:967 - CMSIS Pack Vendor :wolfSSL I-CUBE-wolfSSH 1.4.20
2025-10-30 14:27:53,972 [INFO] ThirdParty:967 - CMSIS Pack Vendor :STMicroelectronics X-CUBE-NFC7 2.0.0
2025-10-30 14:27:53,972 [INFO] ThirdParty:967 - CMSIS Pack Vendor :STMicroelectronics FP-ATR-SIGFOX1 3.2.0
2025-10-30 14:27:53,972 [INFO] ThirdParty:967 - CMSIS Pack Vendor :STMicroelectronics X-CUBE-NFC10 1.0.0
2025-10-30 14:27:53,972 [INFO] ThirdParty:967 - CMSIS Pack Vendor :STMicroelectronics HAL Drivers 0.0.0
2025-10-30 14:27:53,972 [INFO] ThirdParty:967 - CMSIS Pack Vendor :STMicroelectronics MBEDTLS 2.16.2
2025-10-30 14:27:53,975 [INFO] ThirdParty:967 - CMSIS Pack Vendor :STMicroelectronics MBEDTLS 2.14.1
2025-10-30 14:27:53,975 [INFO] ThirdParty:967 - CMSIS Pack Vendor :STMicroelectronics X-CUBE-TOUCHGFX 4.26.0
2025-10-30 14:27:53,975 [INFO] ThirdParty:967 - CMSIS Pack Vendor :STMicroelectronics X-CUBE-STSE01 1.0.0
2025-10-30 14:27:53,975 [INFO] ThirdParty:967 - CMSIS Pack Vendor :STMicroelectronics X-CUBE-AI 10.2.0
2025-10-30 14:27:53,975 [INFO] ThirdParty:967 - CMSIS Pack Vendor :STMicroelectronics X-CUBE-AZRTOS-WL 2.0.0
2025-10-30 14:27:53,975 [INFO] ThirdParty:967 - CMSIS Pack Vendor :SEGGER I-CUBE-embOS 1.3.1
2025-10-30 14:27:53,975 [INFO] ThirdParty:967 - CMSIS Pack Vendor :STMicroelectronics X-CUBE-ALGOBUILD 1.4.0
2025-10-30 14:27:53,975 [INFO] ThirdParty:967 - CMSIS Pack Vendor :STMicroelectronics X-CUBE-MEMS1 11.3.0
2025-10-30 14:27:53,975 [INFO] ThirdParty:967 - CMSIS Pack Vendor :STMicroelectronics USB_DEVICE 1.0.0
2025-10-30 14:27:53,975 [INFO] ThirdParty:967 - CMSIS Pack Vendor :STMicroelectronics X-CUBE-AZRTOS-L4 2.0.0
2025-10-30 14:27:53,975 [INFO] ThirdParty:967 - CMSIS Pack Vendor :STMicroelectronics ThreadX 0.0.2
2025-10-30 14:27:53,975 [INFO] ThirdParty:967 - CMSIS Pack Vendor :STMicroelectronics lwIP 2.1.2
2025-10-30 14:27:53,975 [INFO] ThirdParty:967 - CMSIS Pack Vendor :STMicroelectronics X-CUBE-SFXS2LP1 4.0.0
2025-10-30 14:27:53,975 [INFO] ThirdParty:967 - CMSIS Pack Vendor :STMicroelectronics X-CUBE-BLE2 3.3.0
2025-10-30 14:27:53,975 [INFO] ThirdParty:967 - CMSIS Pack Vendor :STMicroelectronics PDM2PCM 3.2.0
2025-10-30 14:27:53,975 [INFO] ThirdParty:787 - exiting critical section [change project]
2025-10-30 14:27:54,378 [INFO] PinOutPanel:1463 - setPackage(No Configuration,No Configuration)
2025-10-30 14:27:54,378 [INFO] PinOutPanel:1463 - setPackage(STM32F103C6Ux,UFQFPN48)
2025-10-30 14:27:54,663 [INFO] UtilMem:74 - Before build in PCC Used Memory: 325058560 Bytes (493879296)
2025-10-30 14:27:55,336 [INFO] UtilMem:74 - After build in PCC Used Memory: 315890944 Bytes (493879296)
2025-10-30 14:27:55,379 [INFO] IPUIPlugin:74 - create IPUIPlugin
2025-10-30 14:27:55,379 [INFO] IPUIPlugin:74 - create IPUIPlugin
2025-10-30 14:27:55,379 [INFO] IPUIPlugin:74 - create IPUIPlugin
2025-10-30 14:27:55,379 [INFO] IPUIPlugin:74 - create IPUIPlugin
2025-10-30 14:27:55,379 [INFO] IPUIPlugin:74 - create IPUIPlugin
2025-10-30 14:27:55,379 [INFO] IPUIPlugin:74 - create IPUIPlugin
2025-10-30 14:27:55,379 [INFO] IPUIPlugin:74 - create IPUIPlugin
2025-10-30 14:27:55,379 [INFO] IPUIPlugin:74 - create IPUIPlugin
2025-10-30 14:27:55,379 [INFO] IPUIPlugin:74 - create IPUIPlugin
2025-10-30 14:27:55,379 [INFO] IPUIPlugin:74 - create IPUIPlugin
2025-10-30 14:27:55,379 [INFO] IPUIPlugin:74 - create IPUIPlugin
2025-10-30 14:27:55,379 [INFO] IPUIPlugin:74 - create IPUIPlugin
2025-10-30 14:27:55,384 [INFO] IPUIPlugin:74 - create IPUIPlugin
2025-10-30 14:27:55,384 [INFO] IPUIPlugin:74 - create IPUIPlugin
2025-10-30 14:27:55,384 [INFO] IPUIPlugin:74 - create IPUIPlugin
2025-10-30 14:27:55,384 [INFO] IPUIPlugin:74 - create IPUIPlugin
2025-10-30 14:27:55,384 [INFO] IPUIPlugin:74 - create IPUIPlugin
2025-10-30 14:27:55,384 [INFO] IPUIPlugin:74 - create IPUIPlugin
2025-10-30 14:27:55,384 [INFO] IPUIPlugin:74 - create IPUIPlugin
2025-10-30 14:27:55,384 [INFO] IPUIPlugin:74 - create IPUIPlugin
2025-10-30 14:27:55,384 [INFO] IPUIPlugin:74 - create IPUIPlugin
2025-10-30 14:27:55,384 [INFO] IPUIPlugin:74 - create IPUIPlugin
2025-10-30 14:27:55,384 [INFO] IPUIPlugin:74 - create IPUIPlugin
2025-10-30 14:27:55,506 [INFO] OpenFileManager:333 - Restore cursor
2025-10-30 17:02:30,590 [INFO] UtilMem:74 - End SaveConfig() Used Memory: 898262792 Bytes (1051721728)
2025-10-30 17:02:31,596 [INFO] UtilMem:74 - End SaveConfig() Used Memory: 941079856 Bytes (1051721728)
2025-10-30 17:02:33,360 [INFO] UtilMem:74 - End SaveConfig() Used Memory: 916989840 Bytes (1051721728)
2025-10-30 17:02:33,593 [INFO] BlockDiagram:2740 - set Specific Code input for plugin: NVIC
2025-10-30 17:02:33,594 [INFO] BlockDiagram:2740 - set Specific Code input for plugin: SYS
2025-10-30 17:02:33,594 [INFO] BlockDiagram:2740 - set Specific Code input for plugin: GPIO
2025-10-30 17:02:33,594 [INFO] BlockDiagram:2740 - set Specific Code input for plugin: RCC
2025-10-30 17:02:33,594 [INFO] BlockDiagram:2740 - set Specific Code input for plugin: TIM1_8F1
2025-10-30 17:02:33,594 [INFO] CodeGenerator:663 - code generatio: config db path: C:\Users\Thanh Phong\STM32CubeIDE_1.7.0\STM32CubeIDE\plugins\com.st.stm32cube.common.mx_6.3.0.202107141111\\db\
2025-10-30 17:02:33,842 [INFO] CodeEngine:239 - oldGeneratedFile, D:\GIT_LAB3_VXL\LAB3\MXTmpFiles\license.tmp_save
2025-10-30 17:02:34,116 [INFO] CodeEngine:257 - Generated code: D:\GIT_LAB3_VXL\LAB3\MXTmpFiles\license.tmp
2025-10-30 17:02:34,226 [INFO] CodeEngine:239 - oldGeneratedFile, D:\GIT_LAB3_VXL\LAB3\MXTmpFiles\gpio.tmp_save
2025-10-30 17:02:34,297 [INFO] CodeEngine:257 - Generated code: D:\GIT_LAB3_VXL\LAB3\MXTmpFiles\gpio.tmp
2025-10-30 17:02:34,460 [INFO] CodeEngine:239 - oldGeneratedFile, D:\GIT_LAB3_VXL\LAB3\Core\Src\stm32f1xx_it.c_save
2025-10-30 17:02:34,568 [INFO] CodeEngine:257 - Generated code: D:\GIT_LAB3_VXL\LAB3\Core\Src\stm32f1xx_it.c
2025-10-30 17:02:34,589 [INFO] CodeEngine:239 - oldGeneratedFile, D:\GIT_LAB3_VXL\LAB3\Core\Inc\stm32f1xx_it.h_save
2025-10-30 17:02:34,660 [INFO] CodeEngine:257 - Generated code: D:\GIT_LAB3_VXL\LAB3\Core\Inc\stm32f1xx_it.h
2025-10-30 17:02:34,685 [INFO] CodeEngine:239 - oldGeneratedFile, D:\GIT_LAB3_VXL\LAB3\Core\Src\stm32f1xx_hal_msp.c_save
2025-10-30 17:02:34,800 [INFO] CodeEngine:257 - Generated code: D:\GIT_LAB3_VXL\LAB3\Core\Src\stm32f1xx_hal_msp.c
2025-10-30 17:02:34,811 [INFO] CodeEngine:239 - oldGeneratedFile, D:\GIT_LAB3_VXL\LAB3\MXTmpFiles\system.tmp_save
2025-10-30 17:02:34,870 [INFO] CodeEngine:257 - Generated code: D:\GIT_LAB3_VXL\LAB3\MXTmpFiles\system.tmp
2025-10-30 17:02:34,896 [INFO] CodeEngine:239 - oldGeneratedFile, D:\GIT_LAB3_VXL\LAB3\Core\Inc\stm32f1xx_hal_conf.h_save
2025-10-30 17:02:34,975 [INFO] CodeEngine:257 - Generated code: D:\GIT_LAB3_VXL\LAB3\Core\Inc\stm32f1xx_hal_conf.h
2025-10-30 17:02:34,995 [WARN] IPConfigManager:3148 - IP not found : TIM
2025-10-30 17:02:34,996 [WARN] CodeGenerator:3268 - IP not found : null
2025-10-30 17:02:35,015 [INFO] CodeEngine:239 - oldGeneratedFile, D:\GIT_LAB3_VXL\LAB3\Core\Inc\main.h_save
2025-10-30 17:02:35,080 [INFO] CodeEngine:257 - Generated code: D:\GIT_LAB3_VXL\LAB3\Core\Inc\main.h
2025-10-30 17:02:35,100 [INFO] CodeEngine:239 - oldGeneratedFile, D:\GIT_LAB3_VXL\LAB3\Core\Src\main.c_save
2025-10-30 17:02:35,193 [INFO] CodeEngine:257 - Generated code: D:\GIT_LAB3_VXL\LAB3\Core\Src\main.c
2025-10-30 17:02:35,920 [INFO] ProjectBuilder:2578 - Time for Copy HAL[1] : 63mS.
2025-10-30 17:02:35,925 [INFO] ProjectBuilder:3622 - Project Generator version: 3.14.1
2025-10-30 17:02:36,201 [INFO] ConfigFileManager:1271 - The Die is : DIE412
2025-10-30 17:02:36,223 [INFO] ApiDbMcu:468 - Load IP Config File for FATFS
2025-10-30 17:02:36,246 [INFO] ApiDbMcu:468 - Load IP Config File for FREERTOS
2025-10-30 17:02:36,268 [INFO] ApiDbMcu:468 - Load IP Config File for USB_DEVICE
2025-10-30 17:02:39,153 [INFO] ProjectBuilder:3789 - Time for Generating toolchain IDE Files: 3228mS.
2025-10-30 17:02:39,153 [INFO] ProjectBuilder:2457 - Time for Copy CMSIS : 0mS.
2025-10-30 17:02:39,154 [INFO] ProjectBuilder:2457 - Time for Copy CMSIS : 0mS.
2025-10-30 17:06:34,070 [INFO] UtilMem:74 - End SaveConfig() Used Memory: 912340144 Bytes (1073741824)
2025-10-30 17:06:35,134 [INFO] UtilMem:74 - End SaveConfig() Used Memory: 941576992 Bytes (1073741824)
2025-10-30 17:06:35,265 [INFO] UtilMem:74 - End SaveConfig() Used Memory: 945759240 Bytes (1073741824)
2025-10-30 17:06:35,441 [INFO] BlockDiagram:2740 - set Specific Code input for plugin: NVIC
2025-10-30 17:06:35,441 [INFO] BlockDiagram:2740 - set Specific Code input for plugin: SYS
2025-10-30 17:06:35,441 [INFO] BlockDiagram:2740 - set Specific Code input for plugin: GPIO
2025-10-30 17:06:35,441 [INFO] BlockDiagram:2740 - set Specific Code input for plugin: RCC
2025-10-30 17:06:35,441 [INFO] BlockDiagram:2740 - set Specific Code input for plugin: TIM1_8F1
2025-10-30 17:06:35,442 [INFO] CodeGenerator:663 - code generatio: config db path: C:\Users\Thanh Phong\STM32CubeIDE_1.7.0\STM32CubeIDE\plugins\com.st.stm32cube.common.mx_6.3.0.202107141111\\db\
2025-10-30 17:06:35,617 [INFO] CodeEngine:239 - oldGeneratedFile, D:\GIT_LAB3_VXL\LAB3\MXTmpFiles\license.tmp_save
2025-10-30 17:06:35,661 [INFO] CodeEngine:257 - Generated code: D:\GIT_LAB3_VXL\LAB3\MXTmpFiles\license.tmp
2025-10-30 17:06:35,700 [INFO] CodeEngine:239 - oldGeneratedFile, D:\GIT_LAB3_VXL\LAB3\MXTmpFiles\gpio.tmp_save
2025-10-30 17:06:35,752 [INFO] CodeEngine:257 - Generated code: D:\GIT_LAB3_VXL\LAB3\MXTmpFiles\gpio.tmp
2025-10-30 17:06:35,815 [INFO] CodeEngine:239 - oldGeneratedFile, D:\GIT_LAB3_VXL\LAB3\Core\Src\stm32f1xx_it.c_save
2025-10-30 17:06:35,862 [INFO] CodeEngine:257 - Generated code: D:\GIT_LAB3_VXL\LAB3\Core\Src\stm32f1xx_it.c
2025-10-30 17:06:35,865 [INFO] CodeEngine:239 - oldGeneratedFile, D:\GIT_LAB3_VXL\LAB3\Core\Inc\stm32f1xx_it.h_save
2025-10-30 17:06:35,905 [INFO] CodeEngine:257 - Generated code: D:\GIT_LAB3_VXL\LAB3\Core\Inc\stm32f1xx_it.h
2025-10-30 17:06:35,917 [INFO] CodeEngine:239 - oldGeneratedFile, D:\GIT_LAB3_VXL\LAB3\Core\Src\stm32f1xx_hal_msp.c_save
2025-10-30 17:06:35,980 [INFO] CodeEngine:257 - Generated code: D:\GIT_LAB3_VXL\LAB3\Core\Src\stm32f1xx_hal_msp.c
2025-10-30 17:06:35,982 [INFO] CodeEngine:239 - oldGeneratedFile, D:\GIT_LAB3_VXL\LAB3\MXTmpFiles\system.tmp_save
2025-10-30 17:06:36,014 [INFO] CodeEngine:257 - Generated code: D:\GIT_LAB3_VXL\LAB3\MXTmpFiles\system.tmp
2025-10-30 17:06:36,026 [INFO] CodeEngine:239 - oldGeneratedFile, D:\GIT_LAB3_VXL\LAB3\Core\Inc\stm32f1xx_hal_conf.h_save
2025-10-30 17:06:36,103 [INFO] CodeEngine:257 - Generated code: D:\GIT_LAB3_VXL\LAB3\Core\Inc\stm32f1xx_hal_conf.h
2025-10-30 17:06:36,119 [WARN] IPConfigManager:3148 - IP not found : TIM
2025-10-30 17:06:36,120 [WARN] CodeGenerator:3268 - IP not found : null
2025-10-30 17:06:36,137 [INFO] CodeEngine:239 - oldGeneratedFile, D:\GIT_LAB3_VXL\LAB3\Core\Inc\main.h_save
2025-10-30 17:06:36,215 [INFO] CodeEngine:257 - Generated code: D:\GIT_LAB3_VXL\LAB3\Core\Inc\main.h
2025-10-30 17:06:36,229 [INFO] CodeEngine:239 - oldGeneratedFile, D:\GIT_LAB3_VXL\LAB3\Core\Src\main.c_save
2025-10-30 17:06:36,346 [INFO] CodeEngine:257 - Generated code: D:\GIT_LAB3_VXL\LAB3\Core\Src\main.c
2025-10-30 17:06:37,020 [INFO] ProjectBuilder:2578 - Time for Copy HAL[1] : 44mS.
2025-10-30 17:06:37,023 [INFO] ProjectBuilder:3622 - Project Generator version: 3.14.1
2025-10-30 17:06:37,260 [INFO] ConfigFileManager:1271 - The Die is : DIE412
2025-10-30 17:06:38,465 [INFO] ProjectBuilder:3789 - Time for Generating toolchain IDE Files: 1442mS.
2025-10-30 17:06:38,465 [INFO] ProjectBuilder:2457 - Time for Copy CMSIS : 0mS.
2025-10-30 17:06:38,470 [INFO] ProjectBuilder:2457 - Time for Copy CMSIS : 0mS.
2025-10-31 04:20:56,845 [INFO] UtilMem:74 - End SaveConfig() Used Memory: 927504344 Bytes (1073741824)
2025-10-31 04:20:58,156 [INFO] UtilMem:74 - End SaveConfig() Used Memory: 953392640 Bytes (1073741824)
2025-10-31 04:20:59,612 [INFO] UtilMem:74 - End SaveConfig() Used Memory: 948241592 Bytes (1073741824)
2025-10-31 04:20:59,825 [INFO] BlockDiagram:2740 - set Specific Code input for plugin: NVIC
2025-10-31 04:20:59,825 [INFO] BlockDiagram:2740 - set Specific Code input for plugin: SYS
2025-10-31 04:20:59,825 [INFO] BlockDiagram:2740 - set Specific Code input for plugin: GPIO
2025-10-31 04:20:59,825 [INFO] BlockDiagram:2740 - set Specific Code input for plugin: RCC
2025-10-31 04:20:59,825 [INFO] BlockDiagram:2740 - set Specific Code input for plugin: TIM1_8F1
2025-10-31 04:20:59,825 [INFO] CodeGenerator:663 - code generatio: config db path: C:\Users\Thanh Phong\STM32CubeIDE_1.7.0\STM32CubeIDE\plugins\com.st.stm32cube.common.mx_6.3.0.202107141111\\db\
2025-10-31 04:21:00,054 [INFO] CodeEngine:239 - oldGeneratedFile, D:\GIT_LAB3_VXL\LAB3\MXTmpFiles\license.tmp_save
2025-10-31 04:21:00,112 [INFO] CodeEngine:257 - Generated code: D:\GIT_LAB3_VXL\LAB3\MXTmpFiles\license.tmp
2025-10-31 04:21:00,148 [INFO] CodeEngine:239 - oldGeneratedFile, D:\GIT_LAB3_VXL\LAB3\MXTmpFiles\gpio.tmp_save
2025-10-31 04:21:00,196 [INFO] CodeEngine:257 - Generated code: D:\GIT_LAB3_VXL\LAB3\MXTmpFiles\gpio.tmp
2025-10-31 04:21:00,512 [INFO] CodeEngine:239 - oldGeneratedFile, D:\GIT_LAB3_VXL\LAB3\Core\Src\stm32f1xx_it.c_save
2025-10-31 04:21:00,575 [INFO] CodeEngine:257 - Generated code: D:\GIT_LAB3_VXL\LAB3\Core\Src\stm32f1xx_it.c
2025-10-31 04:21:00,593 [INFO] CodeEngine:239 - oldGeneratedFile, D:\GIT_LAB3_VXL\LAB3\Core\Inc\stm32f1xx_it.h_save
2025-10-31 04:21:00,641 [INFO] CodeEngine:257 - Generated code: D:\GIT_LAB3_VXL\LAB3\Core\Inc\stm32f1xx_it.h
2025-10-31 04:21:00,657 [INFO] CodeEngine:239 - oldGeneratedFile, D:\GIT_LAB3_VXL\LAB3\Core\Src\stm32f1xx_hal_msp.c_save
2025-10-31 04:21:00,733 [INFO] CodeEngine:257 - Generated code: D:\GIT_LAB3_VXL\LAB3\Core\Src\stm32f1xx_hal_msp.c
2025-10-31 04:21:00,734 [INFO] CodeEngine:239 - oldGeneratedFile, D:\GIT_LAB3_VXL\LAB3\MXTmpFiles\system.tmp_save
2025-10-31 04:21:00,782 [INFO] CodeEngine:257 - Generated code: D:\GIT_LAB3_VXL\LAB3\MXTmpFiles\system.tmp
2025-10-31 04:21:00,803 [INFO] CodeEngine:239 - oldGeneratedFile, D:\GIT_LAB3_VXL\LAB3\Core\Inc\stm32f1xx_hal_conf.h_save
2025-10-31 04:21:00,860 [INFO] CodeEngine:257 - Generated code: D:\GIT_LAB3_VXL\LAB3\Core\Inc\stm32f1xx_hal_conf.h
2025-10-31 04:21:00,873 [WARN] IPConfigManager:3148 - IP not found : TIM
2025-10-31 04:21:00,873 [WARN] CodeGenerator:3268 - IP not found : null
2025-10-31 04:21:00,892 [INFO] CodeEngine:239 - oldGeneratedFile, D:\GIT_LAB3_VXL\LAB3\Core\Inc\main.h_save
2025-10-31 04:21:00,963 [INFO] CodeEngine:257 - Generated code: D:\GIT_LAB3_VXL\LAB3\Core\Inc\main.h
2025-10-31 04:21:00,985 [INFO] CodeEngine:239 - oldGeneratedFile, D:\GIT_LAB3_VXL\LAB3\Core\Src\main.c_save
2025-10-31 04:21:01,080 [INFO] CodeEngine:257 - Generated code: D:\GIT_LAB3_VXL\LAB3\Core\Src\main.c
2025-10-31 04:21:01,551 [INFO] ProjectBuilder:2578 - Time for Copy HAL[1] : 55mS.
2025-10-31 04:21:01,553 [INFO] ProjectBuilder:3622 - Project Generator version: 3.14.1
2025-10-31 04:21:01,799 [INFO] ConfigFileManager:1271 - The Die is : DIE412
2025-10-31 04:21:03,167 [INFO] ProjectBuilder:3789 - Time for Generating toolchain IDE Files: 1614mS.
2025-10-31 04:21:03,167 [INFO] ProjectBuilder:2457 - Time for Copy CMSIS : 0mS.
2025-10-31 04:21:03,167 [INFO] ProjectBuilder:2457 - Time for Copy CMSIS : 0mS.
2025-10-31 04:25:28,282 [INFO] UtilMem:74 - End SaveConfig() Used Memory: 945328144 Bytes (1073741824)
2025-10-31 04:25:29,331 [INFO] UtilMem:74 - End SaveConfig() Used Memory: 928944336 Bytes (1073741824)
2025-10-31 04:25:29,491 [INFO] BlockDiagram:2740 - set Specific Code input for plugin: NVIC
2025-10-31 04:25:29,491 [INFO] BlockDiagram:2740 - set Specific Code input for plugin: SYS
2025-10-31 04:25:29,493 [INFO] BlockDiagram:2740 - set Specific Code input for plugin: GPIO
2025-10-31 04:25:29,493 [INFO] BlockDiagram:2740 - set Specific Code input for plugin: RCC
2025-10-31 04:25:29,493 [INFO] BlockDiagram:2740 - set Specific Code input for plugin: TIM1_8F1
2025-10-31 04:25:29,493 [INFO] CodeGenerator:663 - code generatio: config db path: C:\Users\Thanh Phong\STM32CubeIDE_1.7.0\STM32CubeIDE\plugins\com.st.stm32cube.common.mx_6.3.0.202107141111\\db\
2025-10-31 04:25:29,681 [INFO] CodeEngine:239 - oldGeneratedFile, D:\GIT_LAB3_VXL\LAB3\MXTmpFiles\license.tmp_save
2025-10-31 04:25:29,721 [INFO] CodeEngine:257 - Generated code: D:\GIT_LAB3_VXL\LAB3\MXTmpFiles\license.tmp
2025-10-31 04:25:29,935 [INFO] CodeEngine:239 - oldGeneratedFile, D:\GIT_LAB3_VXL\LAB3\MXTmpFiles\gpio.tmp_save
2025-10-31 04:25:29,989 [INFO] CodeEngine:257 - Generated code: D:\GIT_LAB3_VXL\LAB3\MXTmpFiles\gpio.tmp
2025-10-31 04:25:30,044 [INFO] CodeEngine:239 - oldGeneratedFile, D:\GIT_LAB3_VXL\LAB3\Core\Src\stm32f1xx_it.c_save
2025-10-31 04:25:30,076 [INFO] CodeEngine:257 - Generated code: D:\GIT_LAB3_VXL\LAB3\Core\Src\stm32f1xx_it.c
2025-10-31 04:25:30,076 [INFO] CodeEngine:239 - oldGeneratedFile, D:\GIT_LAB3_VXL\LAB3\Core\Inc\stm32f1xx_it.h_save
2025-10-31 04:25:30,120 [INFO] CodeEngine:257 - Generated code: D:\GIT_LAB3_VXL\LAB3\Core\Inc\stm32f1xx_it.h
2025-10-31 04:25:30,132 [INFO] CodeEngine:239 - oldGeneratedFile, D:\GIT_LAB3_VXL\LAB3\Core\Src\stm32f1xx_hal_msp.c_save
2025-10-31 04:25:30,195 [INFO] CodeEngine:257 - Generated code: D:\GIT_LAB3_VXL\LAB3\Core\Src\stm32f1xx_hal_msp.c
2025-10-31 04:25:30,197 [INFO] CodeEngine:239 - oldGeneratedFile, D:\GIT_LAB3_VXL\LAB3\MXTmpFiles\system.tmp_save
2025-10-31 04:25:30,235 [INFO] CodeEngine:257 - Generated code: D:\GIT_LAB3_VXL\LAB3\MXTmpFiles\system.tmp
2025-10-31 04:25:30,247 [INFO] CodeEngine:239 - oldGeneratedFile, D:\GIT_LAB3_VXL\LAB3\Core\Inc\stm32f1xx_hal_conf.h_save
2025-10-31 04:25:30,322 [INFO] CodeEngine:257 - Generated code: D:\GIT_LAB3_VXL\LAB3\Core\Inc\stm32f1xx_hal_conf.h
2025-10-31 04:25:30,338 [WARN] IPConfigManager:3148 - IP not found : TIM
2025-10-31 04:25:30,338 [WARN] CodeGenerator:3268 - IP not found : null
2025-10-31 04:25:30,361 [INFO] CodeEngine:239 - oldGeneratedFile, D:\GIT_LAB3_VXL\LAB3\Core\Inc\main.h_save
2025-10-31 04:25:30,438 [INFO] CodeEngine:257 - Generated code: D:\GIT_LAB3_VXL\LAB3\Core\Inc\main.h
2025-10-31 04:25:30,450 [INFO] CodeEngine:239 - oldGeneratedFile, D:\GIT_LAB3_VXL\LAB3\Core\Src\main.c_save
2025-10-31 04:25:30,547 [INFO] CodeEngine:257 - Generated code: D:\GIT_LAB3_VXL\LAB3\Core\Src\main.c
2025-10-31 04:25:31,185 [INFO] ProjectBuilder:2578 - Time for Copy HAL[1] : 79mS.
2025-10-31 04:25:31,201 [INFO] ProjectBuilder:3622 - Project Generator version: 3.14.1
2025-10-31 04:25:31,903 [INFO] ConfigFileManager:1271 - The Die is : DIE412
2025-10-31 04:25:33,792 [INFO] ProjectBuilder:3789 - Time for Generating toolchain IDE Files: 2591mS.
2025-10-31 04:25:33,792 [INFO] ProjectBuilder:2457 - Time for Copy CMSIS : 0mS.
2025-10-31 04:25:33,792 [INFO] ProjectBuilder:2457 - Time for Copy CMSIS : 0mS.
